transaction_id,date,customer_id,account_type,transaction_type,amount,currency,channel,device,city,status,balance_after,fraud_flag
OB000001,1/13/2025,C00050,Current,Deposit,4756.25,USD,Web,Android,Karachi,Completed,4281.77,0
OB000002,5/23/2025,C00287,Current,Transfer,1811.38,USD,Web,Desktop,Lahore,Pending,46132.04,0
OB000003,11/2/2025,C00116,Current,Transfer,4761.66,USD,Web,Desktop,Islamabad,Failed,25701.21,0
OB000004,1/12/2025,C00283,Current,Withdrawal,2092.5,USD,Mobile App,Desktop,Islamabad,Failed,25535.24,0
OB000005,2/13/2025,C00365,Savings,Withdrawal,4752.78,USD,Mobile App,Android,Islamabad,Pending,47270.91,1
OB000006,1/10/2025,C00225,Current,Withdrawal,1923.63,USD,Mobile App,Android,Lahore,Pending,33958.84,1
OB000007,7/3/2025,C00006,Savings,Withdrawal,3798.77,USD,Web,Android,Peshawar,Completed,27023.08,0
OB000008,11/24/2025,C00269,Current,Deposit,2450.01,USD,Web,iOS,Islamabad,Failed,1737.39,0
OB000009,8/8/2025,C00122,Savings,Transfer,891.98,USD,Mobile App,Desktop,Karachi,Pending,12101.93,0
OB000010,2/12/2025,C00285,Current,Withdrawal,4555.54,USD,Web,Android,Lahore,Pending,36703.55,0
OB000011,8/24/2025,C00106,Savings,Withdrawal,4880.16,USD,Web,iOS,Lahore,Pending,38597.13,0
OB000012,9/27/2025,C00332,Savings,Bill Payment,4673.99,USD,Mobile App,Desktop,Peshawar,Failed,29721.26,0
OB000013,8/28/2025,C00096,Current,Withdrawal,2195.7,USD,Mobile App,iOS,Karachi,Completed,40946.61,0
OB000014,9/27/2025,C00265,Savings,Bill Payment,1544.81,USD,Mobile App,Desktop,Karachi,Completed,14013.46,0
OB000015,11/20/2025,C00223,Savings,Bill Payment,4731.41,USD,Web,iOS,Islamabad,Pending,13088.33,0
OB000016,5/10/2025,C00400,Current,Deposit,1990.2,USD,Web,Desktop,Lahore,Completed,25475.92,0
OB000017,2/26/2025,C00020,Savings,Deposit,493.58,USD,Mobile App,Android,Islamabad,Pending,18202.42,0
OB000018,10/17/2025,C00140,Current,Bill Payment,366.4,USD,Mobile App,Desktop,Peshawar,Completed,25040.17,0
OB000019,8/6/2025,C00001,Savings,Transfer,2358.01,USD,Web,iOS,Karachi,Failed,10846.56,0
OB000020,6/6/2025,C00241,Current,Deposit,1050.9,USD,Mobile App,Desktop,Islamabad,Completed,7479.69,1
OB000021,7/15/2025,C00305,Current,Withdrawal,4535.15,USD,Mobile App,Android,Islamabad,Pending,5855.75,0
OB000022,11/3/2025,C00303,Current,Bill Payment,497.05,USD,Web,Android,Peshawar,Pending,36704.28,0
OB000023,6/18/2025,C00147,Current,Transfer,2853.92,USD,Mobile App,Android,Islamabad,Pending,14923.48,0
OB000024,6/20/2025,C00041,Current,Transfer,3199.48,USD,Mobile App,iOS,Islamabad,Pending,34632.11,0
OB000025,5/18/2025,C00330,Savings,Withdrawal,1084.79,USD,Mobile App,iOS,Karachi,Pending,34717.58,0
OB000026,9/1/2025,C00006,Current,Bill Payment,3465.31,USD,Web,Desktop,Lahore,Failed,15083.03,0
OB000027,11/16/2025,C00226,Savings,Bill Payment,4753.78,USD,Mobile App,Desktop,Islamabad,Failed,7057.47,0
OB000028,11/11/2025,C00106,Savings,Bill Payment,1027.55,USD,Web,iOS,Peshawar,Pending,12865.4,1
OB000029,9/2/2025,C00238,Savings,Transfer,4048.82,USD,Mobile App,Android,Karachi,Pending,11163.6,1
OB000030,4/18/2025,C00337,Current,Deposit,4083.81,USD,Web,Desktop,Lahore,Failed,23591.13,0
OB000031,10/1/2025,C00061,Current,Transfer,193.31,USD,Mobile App,Desktop,Peshawar,Pending,8766.16,1
OB000032,3/28/2025,C00197,Savings,Bill Payment,2749.72,USD,Mobile App,Android,Karachi,Failed,22035.31,0
OB000033,2/10/2025,C00063,Current,Withdrawal,4629.9,USD,Web,Android,Karachi,Completed,12258.95,0
OB000034,8/23/2025,C00110,Savings,Transfer,4526.44,USD,Web,Android,Lahore,Completed,33112.16,1
OB000035,3/3/2025,C00256,Current,Deposit,292.66,USD,Web,Android,Lahore,Completed,47293.7,0
OB000036,10/4/2025,C00394,Savings,Transfer,4523.05,USD,Web,Android,Lahore,Completed,24829.03,0
OB000037,5/16/2025,C00363,Savings,Transfer,4323.8,USD,Mobile App,Android,Islamabad,Completed,18568.87,0
OB000038,10/14/2025,C00303,Savings,Bill Payment,3701.98,USD,Mobile App,Desktop,Peshawar,Failed,31050.2,0
OB000039,5/12/2025,C00186,Current,Withdrawal,2565.26,USD,Mobile App,iOS,Lahore,Completed,25570.56,0
OB000040,8/23/2025,C00027,Savings,Bill Payment,2407.67,USD,Web,Android,Peshawar,Failed,41754.15,0
OB000041,6/12/2025,C00311,Savings,Bill Payment,3337.94,USD,Mobile App,iOS,Lahore,Failed,22414.77,0
OB000042,9/2/2025,C00141,Savings,Withdrawal,4435.95,USD,Mobile App,Android,Karachi,Pending,10930.35,1
OB000043,9/27/2025,C00365,Current,Deposit,2664.16,USD,Web,iOS,Islamabad,Completed,25927.06,0
OB000044,11/12/2025,C00009,Current,Deposit,240.44,USD,Web,Desktop,Peshawar,Completed,12791.69,0
OB000045,12/8/2025,C00177,Current,Bill Payment,4654.95,USD,Web,Android,Lahore,Failed,40373.94,1
OB000046,8/1/2025,C00378,Savings,Withdrawal,4025.16,USD,Mobile App,Desktop,Karachi,Pending,44623.79,0
OB000047,8/4/2025,C00086,Current,Withdrawal,4810.47,USD,Mobile App,Android,Lahore,Completed,39579.38,0
OB000048,9/11/2025,C00332,Current,Deposit,4092.03,USD,Mobile App,Android,Lahore,Completed,30087.84,1
OB000049,11/16/2025,C00256,Savings,Bill Payment,1858.43,USD,Mobile App,Android,Lahore,Pending,32457.07,0
OB000050,8/10/2025,C00151,Current,Transfer,2453.98,USD,Web,Android,Islamabad,Failed,43683.61,0
OB000051,8/6/2025,C00174,Savings,Bill Payment,3649.65,USD,Mobile App,iOS,Lahore,Failed,36934.12,0
OB000052,7/11/2025,C00319,Current,Transfer,2327.98,USD,Mobile App,Desktop,Karachi,Pending,7562.32,0
OB000053,1/7/2025,C00174,Savings,Deposit,4053.21,USD,Mobile App,Desktop,Lahore,Pending,18739.03,0
OB000054,6/16/2025,C00136,Savings,Withdrawal,4719.47,USD,Mobile App,iOS,Lahore,Failed,48478.95,0
OB000055,1/10/2025,C00089,Current,Bill Payment,876.68,USD,Mobile App,Android,Islamabad,Failed,38350.93,0
OB000056,3/23/2025,C00146,Savings,Bill Payment,4906.61,USD,Web,Desktop,Karachi,Failed,27160.82,0
OB000057,11/11/2025,C00072,Savings,Bill Payment,427.51,USD,Mobile App,Android,Lahore,Failed,12693.05,0
OB000058,4/28/2025,C00355,Savings,Deposit,2720.95,USD,Web,iOS,Karachi,Completed,1689.22,0
OB000059,4/7/2025,C00382,Current,Withdrawal,3369.88,USD,Web,Android,Islamabad,Failed,4726.4,0
OB000060,10/18/2025,C00199,Current,Deposit,550.22,USD,Mobile App,iOS,Peshawar,Completed,38232.85,0
OB000061,9/10/2025,C00239,Savings,Transfer,2526.22,USD,Web,Android,Peshawar,Failed,7451.85,1
OB000062,10/14/2025,C00093,Savings,Deposit,3182.55,USD,Web,iOS,Islamabad,Pending,20799.12,0
OB000063,9/25/2025,C00365,Savings,Transfer,3901.46,USD,Web,iOS,Peshawar,Failed,517.27,0
OB000064,2/4/2025,C00056,Savings,Bill Payment,1478.61,USD,Web,iOS,Peshawar,Pending,2482.93,1
OB000065,5/26/2025,C00137,Savings,Deposit,2656.25,USD,Mobile App,iOS,Peshawar,Pending,31048.59,0
OB000066,2/6/2025,C00385,Savings,Bill Payment,2464.35,USD,Web,Android,Karachi,Failed,344.67,1
OB000067,9/22/2025,C00393,Savings,Transfer,4109.66,USD,Web,Desktop,Karachi,Completed,13123.53,0
OB000068,1/20/2025,C00373,Current,Withdrawal,78.36,USD,Web,Desktop,Karachi,Pending,34538.01,1
OB000069,7/21/2025,C00368,Savings,Bill Payment,238.85,USD,Web,iOS,Karachi,Completed,2908.83,0
OB000070,7/21/2025,C00083,Current,Bill Payment,3844.68,USD,Mobile App,Desktop,Lahore,Pending,27192.65,0
OB000071,2/3/2025,C00352,Current,Transfer,802.88,USD,Web,iOS,Peshawar,Failed,10487.14,0
OB000072,10/14/2025,C00118,Savings,Bill Payment,3121.33,USD,Mobile App,Android,Lahore,Completed,15078.7,0
OB000073,4/3/2025,C00020,Savings,Transfer,2471.41,USD,Mobile App,Android,Lahore,Pending,30233.15,1
OB000074,4/4/2025,C00159,Savings,Deposit,2609.18,USD,Web,iOS,Islamabad,Pending,41649.72,0
OB000075,2/7/2025,C00042,Current,Deposit,3995.15,USD,Web,iOS,Peshawar,Pending,2415.9,1
OB000076,11/14/2025,C00359,Savings,Deposit,912.69,USD,Web,Android,Lahore,Pending,7388.45,0
OB000077,6/27/2025,C00147,Savings,Withdrawal,4251.3,USD,Web,Desktop,Islamabad,Pending,39730.47,0
OB000078,3/6/2025,C00317,Current,Deposit,2624.6,USD,Mobile App,iOS,Karachi,Completed,19050.88,0
OB000079,2/3/2025,C00024,Savings,Bill Payment,4089.57,USD,Mobile App,Desktop,Islamabad,Completed,13661.78,1
OB000080,7/1/2025,C00076,Savings,Deposit,4461.37,USD,Web,Android,Karachi,Pending,5168.97,0
OB000081,9/1/2025,C00157,Savings,Bill Payment,4577.1,USD,Web,Android,Lahore,Completed,273.02,0
OB000082,4/8/2025,C00236,Current,Deposit,3820.47,USD,Web,Android,Peshawar,Failed,20512.3,0
OB000083,9/12/2025,C00202,Current,Bill Payment,2137.71,USD,Mobile App,Desktop,Lahore,Pending,39149.51,0
OB000084,8/7/2025,C00185,Current,Deposit,2201.53,USD,Mobile App,iOS,Peshawar,Completed,10767.22,1
OB000085,5/13/2025,C00169,Current,Transfer,465.75,USD,Web,Desktop,Karachi,Failed,28539.5,0
OB000086,9/8/2025,C00094,Savings,Deposit,4546.01,USD,Web,Desktop,Lahore,Pending,47597.55,0
OB000087,2/14/2025,C00072,Savings,Deposit,744.92,USD,Mobile App,Android,Peshawar,Completed,35542.4,0
OB000088,2/26/2025,C00273,Savings,Withdrawal,1341.68,USD,Mobile App,Android,Karachi,Failed,17975.88,0
OB000089,8/21/2025,C00248,Savings,Transfer,4648.95,USD,Web,Desktop,Karachi,Pending,34097.54,1
OB000090,2/8/2025,C00082,Savings,Withdrawal,4570.83,USD,Mobile App,Android,Islamabad,Pending,34281.8,0
OB000091,6/9/2025,C00386,Current,Withdrawal,1569.37,USD,Web,Android,Karachi,Completed,42757.34,0
OB000092,2/12/2025,C00209,Savings,Withdrawal,1736.61,USD,Web,Android,Karachi,Pending,11227.15,0
OB000093,6/18/2025,C00170,Savings,Withdrawal,4346.65,USD,Web,Android,Lahore,Pending,5596.79,1
OB000094,6/5/2025,C00020,Current,Bill Payment,4119.66,USD,Web,Desktop,Lahore,Pending,26538.03,0
OB000095,10/1/2025,C00281,Savings,Withdrawal,1530.96,USD,Mobile App,iOS,Karachi,Pending,29292.65,0
OB000096,10/13/2025,C00122,Current,Deposit,3605.34,USD,Web,Android,Karachi,Completed,37672.75,1
OB000097,4/8/2025,C00123,Current,Bill Payment,2017.3,USD,Web,iOS,Karachi,Failed,38380.62,1
OB000098,2/20/2025,C00255,Savings,Bill Payment,4433.99,USD,Web,Desktop,Islamabad,Completed,41675.19,0
OB000099,6/21/2025,C00144,Current,Deposit,1444.61,USD,Mobile App,Desktop,Peshawar,Pending,31799.73,1
OB000100,10/19/2025,C00252,Savings,Withdrawal,1245.06,USD,Web,Android,Islamabad,Completed,34095.13,1
OB000101,7/23/2025,C00188,Current,Transfer,1996.08,USD,Web,Android,Peshawar,Failed,31254.95,0
OB000102,3/15/2025,C00108,Current,Deposit,1741.33,USD,Mobile App,iOS,Lahore,Failed,21085.88,0
OB000103,12/25/2025,C00086,Savings,Withdrawal,3533.49,USD,Web,Android,Islamabad,Pending,8127.06,0
OB000104,8/3/2025,C00294,Current,Withdrawal,1913.05,USD,Mobile App,Desktop,Islamabad,Completed,6314.79,0
OB000105,5/4/2025,C00370,Current,Withdrawal,492.11,USD,Mobile App,iOS,Peshawar,Pending,49101.18,0
OB000106,3/20/2025,C00070,Savings,Bill Payment,2312.15,USD,Mobile App,Android,Karachi,Failed,43648.52,0
OB000107,5/20/2025,C00337,Savings,Transfer,1787.43,USD,Web,Android,Islamabad,Completed,7227.96,0
OB000108,2/15/2025,C00375,Savings,Withdrawal,90.04,USD,Web,iOS,Peshawar,Completed,13339.95,1
OB000109,8/28/2025,C00064,Savings,Transfer,592.38,USD,Web,Desktop,Islamabad,Pending,35879.74,0
OB000110,6/8/2025,C00170,Current,Transfer,3627.33,USD,Mobile App,Android,Karachi,Failed,16455.32,1
OB000111,7/28/2025,C00011,Current,Deposit,4928.3,USD,Web,Desktop,Islamabad,Failed,38210.64,0
OB000112,12/23/2025,C00166,Current,Bill Payment,2172.9,USD,Mobile App,iOS,Karachi,Completed,11961.62,0
OB000113,7/21/2025,C00175,Savings,Transfer,1330.8,USD,Web,Android,Karachi,Failed,3967.39,0
OB000114,3/15/2025,C00091,Current,Transfer,1644.04,USD,Web,Desktop,Lahore,Completed,35633.95,1
OB000115,6/4/2025,C00088,Current,Deposit,2163.6,USD,Web,Android,Karachi,Completed,17409.67,0
OB000116,2/24/2025,C00284,Savings,Deposit,4285.53,USD,Web,Android,Islamabad,Failed,48082.44,0
OB000117,8/10/2025,C00157,Current,Transfer,1676.12,USD,Web,Desktop,Lahore,Failed,24075.46,0
OB000118,1/6/2025,C00235,Current,Withdrawal,3207,USD,Mobile App,Desktop,Islamabad,Completed,16412.18,0
OB000119,1/27/2025,C00213,Savings,Bill Payment,3070.57,USD,Mobile App,Desktop,Karachi,Completed,46777.8,0
OB000120,1/9/2025,C00287,Savings,Transfer,579.37,USD,Mobile App,Android,Karachi,Completed,7034.15,0
OB000121,9/28/2025,C00214,Current,Deposit,691.9,USD,Mobile App,Android,Lahore,Completed,1002.55,0
OB000122,12/1/2025,C00168,Current,Transfer,2234.21,USD,Mobile App,Android,Islamabad,Completed,36581.88,0
OB000123,8/11/2025,C00358,Savings,Deposit,3413.26,USD,Mobile App,Desktop,Islamabad,Completed,37145.62,0
OB000124,12/5/2025,C00322,Savings,Transfer,3460.78,USD,Mobile App,Desktop,Karachi,Failed,27775.78,0
OB000125,6/11/2025,C00327,Current,Withdrawal,2621.97,USD,Mobile App,Android,Karachi,Completed,42105.35,0
OB000126,5/15/2025,C00355,Savings,Bill Payment,3023.83,USD,Web,iOS,Lahore,Failed,23767.43,1
OB000127,6/20/2025,C00073,Savings,Withdrawal,758.81,USD,Mobile App,Android,Islamabad,Pending,9516.97,1
OB000128,11/27/2025,C00317,Current,Deposit,3611.44,USD,Mobile App,Android,Islamabad,Completed,20246.35,0
OB000129,1/7/2025,C00109,Current,Withdrawal,2695.39,USD,Mobile App,Android,Lahore,Failed,23519.23,1
OB000130,9/9/2025,C00321,Current,Transfer,844.61,USD,Mobile App,Desktop,Lahore,Completed,21989.35,0
OB000131,3/2/2025,C00103,Savings,Withdrawal,2363.55,USD,Mobile App,iOS,Peshawar,Failed,18084.54,0
OB000132,9/8/2025,C00393,Savings,Transfer,2001.67,USD,Web,iOS,Peshawar,Completed,44092.43,0
OB000133,7/23/2025,C00398,Current,Transfer,4028.34,USD,Web,Desktop,Lahore,Failed,47458.22,0
OB000134,2/21/2025,C00280,Current,Deposit,4065.91,USD,Web,Desktop,Peshawar,Pending,22317.98,0
OB000135,8/7/2025,C00058,Current,Withdrawal,2098.36,USD,Web,Android,Lahore,Completed,9513.12,0
OB000136,3/8/2025,C00299,Savings,Deposit,1553.34,USD,Mobile App,Desktop,Islamabad,Failed,47972.76,0
OB000137,1/22/2025,C00040,Savings,Withdrawal,2044.12,USD,Web,Desktop,Karachi,Failed,18891.63,1
OB000138,1/20/2025,C00310,Current,Transfer,27.64,USD,Web,Desktop,Karachi,Pending,20989.54,0
OB000139,3/7/2025,C00102,Savings,Deposit,3977.13,USD,Web,Desktop,Karachi,Failed,30398.57,1
OB000140,1/18/2025,C00034,Current,Deposit,3647.47,USD,Mobile App,Android,Islamabad,Completed,4807.72,0
OB000141,8/15/2025,C00173,Savings,Deposit,3076.41,USD,Mobile App,Desktop,Peshawar,Completed,41493.25,0
OB000142,3/26/2025,C00059,Savings,Bill Payment,184.21,USD,Web,iOS,Karachi,Failed,3701.06,1
OB000143,4/2/2025,C00156,Savings,Transfer,1295.37,USD,Mobile App,iOS,Karachi,Pending,49155.3,0
OB000144,1/16/2025,C00082,Current,Withdrawal,4343.74,USD,Mobile App,iOS,Karachi,Pending,13429.78,1
OB000145,11/19/2025,C00131,Savings,Bill Payment,1608.8,USD,Mobile App,Desktop,Karachi,Failed,25680.24,1
OB000146,9/10/2025,C00192,Current,Transfer,935.24,USD,Web,Desktop,Lahore,Pending,7894.68,1
OB000147,7/13/2025,C00297,Savings,Withdrawal,247.18,USD,Web,Desktop,Peshawar,Completed,15077.19,0
OB000148,11/1/2025,C00180,Savings,Transfer,2660.5,USD,Web,Desktop,Islamabad,Completed,10969.4,1
OB000149,8/22/2025,C00287,Savings,Withdrawal,3034.44,USD,Mobile App,Desktop,Peshawar,Completed,17499.78,0
OB000150,4/22/2025,C00265,Savings,Bill Payment,432.52,USD,Mobile App,iOS,Lahore,Completed,26264.38,0
OB000151,3/12/2025,C00330,Current,Deposit,454.99,USD,Web,Desktop,Islamabad,Completed,33461.91,0
OB000152,3/25/2025,C00128,Savings,Deposit,73.28,USD,Web,iOS,Peshawar,Completed,41064.31,0
OB000153,6/8/2025,C00241,Current,Bill Payment,3066.55,USD,Web,iOS,Islamabad,Failed,24869.55,0
OB000154,5/17/2025,C00157,Savings,Bill Payment,637.73,USD,Mobile App,iOS,Karachi,Failed,39581.67,0
OB000155,12/19/2025,C00187,Current,Deposit,276.54,USD,Mobile App,iOS,Lahore,Completed,44700.75,0
OB000156,10/22/2025,C00033,Current,Transfer,2519.71,USD,Mobile App,Desktop,Lahore,Pending,43299.37,1
OB000157,9/19/2025,C00154,Current,Deposit,3348.25,USD,Mobile App,iOS,Peshawar,Completed,38871.34,0
OB000158,5/18/2025,C00003,Savings,Deposit,694.1,USD,Mobile App,Desktop,Peshawar,Pending,38281.78,0
OB000159,5/19/2025,C00123,Savings,Deposit,1756.82,USD,Mobile App,Desktop,Karachi,Failed,44804.6,1
OB000160,10/26/2025,C00352,Current,Transfer,2205.93,USD,Mobile App,iOS,Peshawar,Failed,15616.62,0
OB000161,1/25/2025,C00190,Current,Transfer,3826.35,USD,Web,iOS,Peshawar,Pending,7423.54,0
OB000162,5/14/2025,C00014,Savings,Withdrawal,1520.33,USD,Web,Desktop,Lahore,Failed,4727.56,1
OB000163,7/14/2025,C00293,Savings,Bill Payment,4173.15,USD,Mobile App,Android,Karachi,Completed,23484.6,0
OB000164,10/8/2025,C00155,Current,Deposit,2652.99,USD,Mobile App,Desktop,Lahore,Completed,30248,1
OB000165,3/28/2025,C00242,Current,Deposit,4017.44,USD,Web,Android,Peshawar,Failed,46063.57,0
OB000166,11/20/2025,C00384,Savings,Bill Payment,2476.19,USD,Web,iOS,Islamabad,Failed,30588.65,0
OB000167,1/17/2025,C00359,Current,Deposit,1537.22,USD,Web,Desktop,Lahore,Pending,37994.11,0
OB000168,11/12/2025,C00201,Savings,Withdrawal,1095.1,USD,Mobile App,Android,Islamabad,Completed,23657.61,0
OB000169,3/6/2025,C00007,Current,Deposit,4672.43,USD,Web,Android,Karachi,Pending,12429.91,0
OB000170,12/15/2025,C00399,Savings,Bill Payment,1286.54,USD,Mobile App,iOS,Peshawar,Failed,23721.51,0
OB000171,4/4/2025,C00021,Current,Deposit,3437.12,USD,Mobile App,iOS,Lahore,Pending,15872.65,0
OB000172,1/10/2025,C00037,Savings,Deposit,1918.9,USD,Web,Android,Lahore,Pending,31845.73,1
OB000173,6/27/2025,C00120,Current,Deposit,250.7,USD,Web,iOS,Lahore,Pending,37774.68,0
OB000174,5/8/2025,C00122,Current,Bill Payment,739.73,USD,Web,iOS,Islamabad,Completed,33917.11,0
OB000175,12/7/2025,C00108,Current,Withdrawal,2250.13,USD,Mobile App,iOS,Peshawar,Completed,35580.38,0
OB000176,4/11/2025,C00349,Current,Transfer,2764.22,USD,Mobile App,Desktop,Lahore,Completed,21031.37,1
OB000177,10/2/2025,C00204,Savings,Withdrawal,2544.49,USD,Web,Android,Lahore,Pending,38322.45,1
OB000178,1/4/2025,C00042,Current,Withdrawal,1852.97,USD,Web,iOS,Karachi,Completed,43217.26,0
OB000179,3/12/2025,C00022,Current,Withdrawal,2721.56,USD,Web,Desktop,Lahore,Pending,29128.86,1
OB000180,10/5/2025,C00292,Current,Deposit,537.38,USD,Web,Android,Islamabad,Completed,35641.95,0
OB000181,9/16/2025,C00098,Current,Bill Payment,3059.55,USD,Mobile App,Android,Lahore,Completed,38792.22,0
OB000182,12/6/2025,C00279,Savings,Deposit,2890.37,USD,Web,iOS,Islamabad,Failed,47569.52,0
OB000183,8/19/2025,C00137,Current,Withdrawal,546.37,USD,Mobile App,iOS,Peshawar,Failed,24197.46,0
OB000184,6/23/2025,C00195,Current,Bill Payment,951.14,USD,Web,Desktop,Peshawar,Completed,42259.86,0
OB000185,3/23/2025,C00141,Current,Withdrawal,4796.31,USD,Mobile App,Android,Peshawar,Failed,14157.97,0
OB000186,8/18/2025,C00098,Savings,Transfer,3924.73,USD,Mobile App,Android,Karachi,Completed,22925,1
OB000187,5/25/2025,C00139,Current,Withdrawal,1868.75,USD,Mobile App,Android,Peshawar,Pending,47873.46,1
OB000188,4/13/2025,C00014,Current,Withdrawal,964.2,USD,Web,Desktop,Karachi,Pending,18157.5,0
OB000189,10/7/2025,C00243,Savings,Deposit,4577.79,USD,Mobile App,Desktop,Islamabad,Completed,12187.14,1
OB000190,10/21/2025,C00061,Savings,Withdrawal,161.99,USD,Web,Desktop,Islamabad,Pending,41781.1,0
OB000191,3/22/2025,C00266,Current,Transfer,1903.94,USD,Web,Android,Islamabad,Pending,37917.39,0
OB000192,7/10/2025,C00044,Savings,Deposit,3748.38,USD,Mobile App,Desktop,Lahore,Completed,7111.64,0
OB000193,3/15/2025,C00205,Current,Deposit,2025.14,USD,Web,Desktop,Lahore,Completed,17490.78,0
OB000194,3/22/2025,C00068,Savings,Withdrawal,2527.3,USD,Web,iOS,Peshawar,Pending,17083.77,0
OB000195,1/14/2025,C00375,Current,Bill Payment,4134.47,USD,Mobile App,Android,Lahore,Pending,6555.2,0
OB000196,6/4/2025,C00080,Savings,Withdrawal,3629.39,USD,Mobile App,iOS,Islamabad,Failed,48933.49,0
OB000197,5/23/2025,C00053,Savings,Deposit,4926.24,USD,Web,iOS,Karachi,Completed,11669.88,0
OB000198,1/19/2025,C00206,Savings,Transfer,851.11,USD,Mobile App,Desktop,Lahore,Completed,25877.03,1
OB000199,12/19/2025,C00226,Current,Bill Payment,3928.05,USD,Web,iOS,Peshawar,Pending,10631.68,0
OB000200,1/19/2025,C00169,Savings,Bill Payment,116.21,USD,Web,Desktop,Karachi,Pending,19946.15,1
OB000201,1/21/2025,C00167,Current,Withdrawal,2095.43,USD,Mobile App,Android,Karachi,Completed,1524.25,0
OB000202,7/3/2025,C00267,Current,Transfer,3102.37,USD,Web,Android,Lahore,Failed,18543.82,0
OB000203,8/22/2025,C00093,Savings,Bill Payment,3555.28,USD,Mobile App,iOS,Lahore,Pending,44099.51,1
OB000204,8/24/2025,C00106,Current,Bill Payment,1721.12,USD,Web,iOS,Karachi,Completed,11336.96,0
OB000205,7/14/2025,C00146,Savings,Transfer,3081.52,USD,Mobile App,Android,Karachi,Failed,6976.74,0
OB000206,5/17/2025,C00006,Savings,Transfer,4099.01,USD,Mobile App,Desktop,Islamabad,Failed,3049.06,0
OB000207,10/4/2025,C00133,Savings,Transfer,1767.18,USD,Web,iOS,Islamabad,Completed,13059.89,0
OB000208,10/20/2025,C00400,Savings,Withdrawal,251,USD,Web,Android,Islamabad,Completed,29157.53,0
OB000209,10/22/2025,C00123,Savings,Deposit,2045.95,USD,Mobile App,iOS,Islamabad,Completed,42496.16,0
OB000210,7/11/2025,C00398,Current,Transfer,3963.51,USD,Web,Desktop,Karachi,Completed,39835.08,0
OB000211,8/25/2025,C00225,Current,Transfer,4349.13,USD,Mobile App,Desktop,Peshawar,Pending,43895.84,0
OB000212,1/26/2025,C00109,Current,Bill Payment,971.41,USD,Web,iOS,Islamabad,Failed,16599.54,1
OB000213,10/13/2025,C00372,Savings,Withdrawal,3027.64,USD,Web,iOS,Lahore,Completed,45603.25,0
OB000214,4/25/2025,C00124,Savings,Deposit,4809.82,USD,Mobile App,iOS,Lahore,Pending,4962.44,1
OB000215,11/18/2025,C00270,Current,Transfer,3791.74,USD,Web,iOS,Islamabad,Failed,21303.71,0
OB000216,1/6/2025,C00109,Savings,Deposit,2937.62,USD,Mobile App,Android,Karachi,Completed,36642.75,0
OB000217,12/1/2025,C00097,Savings,Withdrawal,2051.94,USD,Mobile App,iOS,Lahore,Failed,5565.59,0
OB000218,3/12/2025,C00118,Current,Transfer,4300.85,USD,Web,iOS,Peshawar,Failed,6750.27,1
OB000219,7/12/2025,C00118,Current,Deposit,909.75,USD,Mobile App,Desktop,Karachi,Failed,44767.38,0
OB000220,1/25/2025,C00153,Current,Bill Payment,4514.51,USD,Web,iOS,Islamabad,Failed,27011.89,0
OB000221,10/14/2025,C00197,Current,Deposit,612.93,USD,Mobile App,iOS,Islamabad,Completed,12119.1,1
OB000222,10/26/2025,C00169,Savings,Transfer,3334.98,USD,Mobile App,iOS,Islamabad,Failed,32093.27,1
OB000223,2/19/2025,C00256,Current,Deposit,959.62,USD,Web,iOS,Karachi,Pending,2317.82,0
OB000224,11/9/2025,C00218,Savings,Deposit,3305.23,USD,Web,Desktop,Islamabad,Completed,24778.9,0
OB000225,9/21/2025,C00347,Current,Bill Payment,4755.2,USD,Mobile App,iOS,Peshawar,Pending,41962.11,1
OB000226,7/15/2025,C00121,Current,Transfer,3469.17,USD,Mobile App,iOS,Peshawar,Failed,41821.92,0
OB000227,3/23/2025,C00382,Savings,Deposit,2956.23,USD,Web,Android,Islamabad,Completed,15264.33,1
OB000228,5/21/2025,C00380,Current,Withdrawal,958.82,USD,Web,Desktop,Peshawar,Pending,46246.45,0
OB000229,11/22/2025,C00316,Savings,Withdrawal,3447.76,USD,Web,Android,Islamabad,Failed,191.86,0
OB000230,5/14/2025,C00053,Current,Deposit,3643.28,USD,Mobile App,iOS,Islamabad,Pending,12587.05,1
OB000231,10/26/2025,C00229,Savings,Withdrawal,935.13,USD,Web,iOS,Peshawar,Pending,33504.76,1
OB000232,4/18/2025,C00373,Current,Withdrawal,900.08,USD,Web,iOS,Islamabad,Completed,3506.97,1
OB000233,1/6/2025,C00243,Savings,Bill Payment,4827.8,USD,Mobile App,Desktop,Islamabad,Failed,43471.04,0
OB000234,1/15/2025,C00324,Savings,Bill Payment,2806.19,USD,Mobile App,Desktop,Lahore,Failed,26412.64,0
OB000235,2/20/2025,C00216,Savings,Deposit,1825.43,USD,Mobile App,Android,Karachi,Failed,13343.84,0
OB000236,10/1/2025,C00281,Savings,Withdrawal,3470.86,USD,Web,Android,Peshawar,Completed,32857.55,0
OB000237,12/8/2025,C00020,Savings,Withdrawal,647.99,USD,Web,Desktop,Islamabad,Failed,48208.37,0
OB000238,6/16/2025,C00211,Current,Deposit,3122.94,USD,Web,iOS,Lahore,Completed,4781.98,0
OB000239,8/11/2025,C00360,Current,Transfer,3006.91,USD,Mobile App,Android,Islamabad,Pending,6424.93,0
OB000240,4/14/2025,C00341,Current,Transfer,3203.12,USD,Mobile App,Desktop,Karachi,Pending,26669.5,1
OB000241,5/13/2025,C00321,Current,Deposit,4374.47,USD,Mobile App,Desktop,Islamabad,Pending,42194.25,0
OB000242,3/24/2025,C00241,Current,Deposit,3562.64,USD,Mobile App,Desktop,Lahore,Failed,44237.09,1
OB000243,7/28/2025,C00291,Current,Bill Payment,4817.8,USD,Mobile App,Desktop,Peshawar,Completed,6675.44,0
OB000244,11/27/2025,C00200,Savings,Deposit,1665.31,USD,Mobile App,iOS,Karachi,Failed,28650.73,1
OB000245,4/12/2025,C00337,Savings,Bill Payment,2527.39,USD,Mobile App,iOS,Islamabad,Completed,16663.81,0
OB000246,10/25/2025,C00178,Savings,Deposit,4692.94,USD,Mobile App,Desktop,Lahore,Completed,18612.87,1
OB000247,3/3/2025,C00241,Current,Deposit,334.28,USD,Web,Android,Karachi,Failed,40082.59,0
OB000248,8/5/2025,C00361,Savings,Transfer,4971.85,USD,Web,Desktop,Lahore,Pending,14308.7,0
OB000249,2/26/2025,C00379,Current,Withdrawal,3776.69,USD,Web,iOS,Islamabad,Pending,36714.08,0
OB000250,12/2/2025,C00009,Savings,Withdrawal,2804.71,USD,Web,Desktop,Karachi,Completed,13679.43,1
OB000251,9/21/2025,C00360,Current,Transfer,4089.33,USD,Mobile App,Desktop,Peshawar,Failed,39169.64,0
OB000252,2/27/2025,C00178,Savings,Transfer,4257.7,USD,Mobile App,Desktop,Islamabad,Pending,23244.04,0
OB000253,8/10/2025,C00392,Current,Withdrawal,2642.91,USD,Mobile App,Android,Peshawar,Failed,42950.75,0
OB000254,12/18/2025,C00258,Current,Deposit,1597.68,USD,Mobile App,iOS,Peshawar,Failed,20278.04,0
OB000255,12/23/2025,C00381,Current,Bill Payment,2518.83,USD,Web,Desktop,Peshawar,Failed,17507,0
OB000256,2/9/2025,C00367,Savings,Transfer,1765.32,USD,Mobile App,Desktop,Peshawar,Failed,26887.8,1
OB000257,9/18/2025,C00067,Current,Bill Payment,771.38,USD,Mobile App,Desktop,Islamabad,Pending,22481.48,0
OB000258,1/25/2025,C00055,Savings,Deposit,2443.31,USD,Mobile App,Desktop,Lahore,Failed,340.52,1
OB000259,11/1/2025,C00340,Current,Withdrawal,3161.33,USD,Web,iOS,Lahore,Pending,24878.54,0
OB000260,2/19/2025,C00091,Current,Withdrawal,1536.28,USD,Mobile App,Desktop,Lahore,Pending,30952.1,0
OB000261,5/18/2025,C00254,Savings,Bill Payment,2378.52,USD,Mobile App,iOS,Peshawar,Failed,7733.39,0
OB000262,7/7/2025,C00222,Savings,Withdrawal,1616.12,USD,Mobile App,iOS,Islamabad,Pending,26974.92,0
OB000263,2/2/2025,C00206,Savings,Transfer,1172.11,USD,Web,iOS,Islamabad,Failed,16474.05,0
OB000264,8/21/2025,C00111,Savings,Withdrawal,937.34,USD,Web,Desktop,Karachi,Failed,36254.08,1
OB000265,10/21/2025,C00390,Savings,Deposit,2693.18,USD,Web,Android,Islamabad,Pending,46493,1
OB000266,10/17/2025,C00182,Current,Deposit,454.53,USD,Web,Android,Karachi,Pending,17590.59,0
OB000267,6/8/2025,C00318,Current,Transfer,3668.79,USD,Mobile App,Android,Lahore,Failed,42141.92,1
OB000268,5/10/2025,C00245,Savings,Transfer,276.68,USD,Mobile App,iOS,Lahore,Pending,31530.47,1
OB000269,1/9/2025,C00120,Current,Bill Payment,2658.78,USD,Mobile App,iOS,Peshawar,Failed,29739.55,0
OB000270,9/5/2025,C00306,Savings,Transfer,3716.75,USD,Mobile App,Android,Peshawar,Failed,34646.51,0
OB000271,7/12/2025,C00377,Current,Transfer,2197.34,USD,Web,iOS,Lahore,Completed,37329,0
OB000272,3/26/2025,C00044,Current,Deposit,3218.19,USD,Web,iOS,Islamabad,Failed,31429.92,0
OB000273,7/13/2025,C00118,Savings,Bill Payment,4776.4,USD,Web,Android,Lahore,Completed,36559.38,0
OB000274,6/10/2025,C00153,Savings,Withdrawal,1860.56,USD,Web,Desktop,Karachi,Pending,18289.28,1
OB000275,9/14/2025,C00367,Savings,Withdrawal,2876.24,USD,Web,Desktop,Peshawar,Completed,27400.67,0
OB000276,9/24/2025,C00396,Savings,Transfer,2817.08,USD,Web,iOS,Lahore,Failed,21346.11,0
OB000277,5/9/2025,C00017,Savings,Withdrawal,3945.08,USD,Web,Desktop,Lahore,Completed,5995.14,1
OB000278,3/13/2025,C00163,Current,Bill Payment,2185.03,USD,Mobile App,iOS,Lahore,Failed,13237.86,0
OB000279,1/13/2025,C00023,Current,Transfer,2695.81,USD,Web,Desktop,Karachi,Failed,43583.9,0
OB000280,4/18/2025,C00180,Savings,Bill Payment,2681.36,USD,Mobile App,Desktop,Karachi,Pending,20795.12,0
OB000281,4/21/2025,C00117,Savings,Withdrawal,1204.69,USD,Mobile App,Desktop,Peshawar,Completed,5149.75,0
OB000282,7/19/2025,C00045,Savings,Bill Payment,3057.7,USD,Mobile App,Desktop,Karachi,Pending,10139.36,0
OB000283,8/27/2025,C00383,Current,Bill Payment,3425.02,USD,Mobile App,Desktop,Lahore,Completed,13118.69,0
OB000284,11/2/2025,C00044,Savings,Deposit,1847.49,USD,Mobile App,Android,Peshawar,Completed,3319.32,0
OB000285,5/5/2025,C00142,Savings,Withdrawal,487.51,USD,Mobile App,Desktop,Peshawar,Pending,4559.72,1
OB000286,2/22/2025,C00251,Savings,Deposit,2484.71,USD,Mobile App,iOS,Lahore,Pending,3324.23,0
OB000287,11/13/2025,C00169,Current,Deposit,2614.01,USD,Web,iOS,Karachi,Failed,47112.68,1
OB000288,9/28/2025,C00260,Savings,Bill Payment,3804.28,USD,Mobile App,iOS,Peshawar,Pending,14993.77,0
OB000289,4/11/2025,C00163,Savings,Withdrawal,3630.67,USD,Mobile App,Android,Karachi,Failed,25341.51,1
OB000290,8/28/2025,C00269,Current,Deposit,4839.76,USD,Mobile App,Android,Islamabad,Failed,25732.56,0
OB000291,2/7/2025,C00241,Current,Deposit,601.77,USD,Web,iOS,Peshawar,Failed,22014.02,0
OB000292,7/26/2025,C00312,Savings,Deposit,850.82,USD,Mobile App,Desktop,Islamabad,Pending,28421.75,0
OB000293,7/20/2025,C00153,Savings,Bill Payment,377.91,USD,Web,Android,Lahore,Pending,44546.07,0
OB000294,10/9/2025,C00015,Savings,Withdrawal,1108.8,USD,Mobile App,Android,Islamabad,Pending,47004.92,0
OB000295,10/18/2025,C00066,Current,Bill Payment,1447.98,USD,Web,iOS,Lahore,Failed,42361.55,0
OB000296,3/12/2025,C00175,Savings,Transfer,655.64,USD,Web,iOS,Lahore,Failed,20338.53,0
OB000297,12/8/2025,C00295,Current,Transfer,1093.21,USD,Web,Desktop,Lahore,Pending,7225.6,0
OB000298,12/25/2025,C00226,Current,Bill Payment,4736.9,USD,Web,Android,Islamabad,Failed,24125.15,1
OB000299,4/8/2025,C00036,Current,Transfer,393.97,USD,Mobile App,Desktop,Karachi,Completed,22813.7,0
OB000300,3/13/2025,C00243,Savings,Bill Payment,2034.44,USD,Mobile App,Desktop,Peshawar,Failed,17205.42,0
OB000301,2/10/2025,C00251,Current,Bill Payment,2027.66,USD,Web,iOS,Karachi,Pending,41800.97,0
OB000302,9/1/2025,C00191,Savings,Deposit,3497.54,USD,Web,Desktop,Karachi,Pending,40218.8,1
OB000303,9/3/2025,C00186,Current,Deposit,4637.61,USD,Web,Desktop,Islamabad,Completed,34264.09,0
OB000304,4/18/2025,C00197,Current,Bill Payment,1953.12,USD,Web,Android,Lahore,Pending,46473.62,1
OB000305,12/22/2025,C00010,Current,Bill Payment,4706.97,USD,Web,iOS,Lahore,Pending,3497.6,1
OB000306,7/20/2025,C00321,Savings,Deposit,866.23,USD,Web,Android,Lahore,Completed,736.89,0
OB000307,4/12/2025,C00059,Savings,Transfer,3813.23,USD,Mobile App,iOS,Lahore,Failed,45066.86,0
OB000308,9/14/2025,C00050,Savings,Withdrawal,3453.39,USD,Web,iOS,Lahore,Completed,12897.1,0
OB000309,4/28/2025,C00092,Savings,Deposit,3517.32,USD,Mobile App,iOS,Peshawar,Pending,8699.93,1
OB000310,6/11/2025,C00258,Current,Transfer,107.65,USD,Mobile App,Desktop,Islamabad,Completed,36149.98,1
OB000311,4/19/2025,C00353,Savings,Transfer,4874.78,USD,Mobile App,Desktop,Karachi,Completed,19956.47,1
OB000312,7/18/2025,C00138,Current,Bill Payment,3581.24,USD,Mobile App,Android,Islamabad,Failed,21714.89,1
OB000313,10/18/2025,C00051,Current,Withdrawal,1173.02,USD,Web,Android,Karachi,Completed,13571.36,0
OB000314,6/15/2025,C00037,Current,Deposit,4786.11,USD,Web,iOS,Peshawar,Pending,23582.49,0
OB000315,4/24/2025,C00287,Current,Bill Payment,3925.64,USD,Web,iOS,Peshawar,Completed,41722.11,1
OB000316,8/19/2025,C00001,Current,Bill Payment,2826.13,USD,Mobile App,Desktop,Lahore,Failed,15781.78,0
OB000317,6/24/2025,C00023,Current,Transfer,1472.74,USD,Web,Android,Peshawar,Completed,16941.05,0
OB000318,5/12/2025,C00048,Current,Withdrawal,968.4,USD,Web,iOS,Islamabad,Completed,43525.01,0
OB000319,2/8/2025,C00286,Savings,Bill Payment,316.75,USD,Web,Desktop,Lahore,Failed,25913.91,0
OB000320,8/26/2025,C00210,Current,Bill Payment,3291.3,USD,Mobile App,Desktop,Karachi,Failed,32781.96,0
OB000321,4/10/2025,C00022,Current,Withdrawal,3042.29,USD,Web,Desktop,Peshawar,Completed,46333.32,0
OB000322,2/6/2025,C00350,Current,Transfer,2228.96,USD,Mobile App,iOS,Islamabad,Failed,26904.66,0
OB000323,2/23/2025,C00350,Current,Bill Payment,3654.58,USD,Mobile App,Android,Peshawar,Pending,49476.37,0
OB000324,6/14/2025,C00384,Savings,Transfer,2649.58,USD,Mobile App,iOS,Islamabad,Failed,40569.77,0
OB000325,4/16/2025,C00086,Savings,Transfer,2159.7,USD,Web,iOS,Peshawar,Failed,35744.2,1
OB000326,10/6/2025,C00197,Savings,Transfer,1710.39,USD,Web,Desktop,Lahore,Completed,28326.52,0
OB000327,3/7/2025,C00039,Savings,Deposit,4319.49,USD,Web,iOS,Islamabad,Failed,20462.04,0
OB000328,10/22/2025,C00040,Savings,Bill Payment,3048.3,USD,Mobile App,Desktop,Islamabad,Failed,35689.98,0
OB000329,4/25/2025,C00259,Current,Withdrawal,1095.25,USD,Web,Android,Lahore,Completed,602.7,0
OB000330,7/18/2025,C00371,Savings,Withdrawal,4037.58,USD,Web,Desktop,Peshawar,Completed,196.59,0
OB000331,10/18/2025,C00151,Current,Bill Payment,4512.13,USD,Web,Desktop,Peshawar,Completed,38578.83,0
OB000332,3/28/2025,C00008,Current,Deposit,4635.8,USD,Mobile App,Desktop,Islamabad,Failed,34819.56,0
OB000333,7/5/2025,C00091,Current,Deposit,3339.41,USD,Mobile App,Desktop,Lahore,Failed,32309.68,0
OB000334,9/9/2025,C00186,Current,Deposit,656.28,USD,Mobile App,Desktop,Islamabad,Failed,4283.18,0
OB000335,2/11/2025,C00033,Savings,Deposit,1583.58,USD,Web,iOS,Karachi,Pending,15825.97,0
OB000336,5/5/2025,C00097,Savings,Bill Payment,2091.13,USD,Web,Desktop,Karachi,Completed,12809.52,0
OB000337,7/10/2025,C00130,Current,Bill Payment,3499.74,USD,Web,Desktop,Lahore,Failed,47460.22,0
OB000338,1/10/2025,C00162,Current,Deposit,3113.96,USD,Web,Desktop,Islamabad,Completed,42934.46,0
OB000339,11/22/2025,C00025,Savings,Transfer,3799.82,USD,Web,Desktop,Karachi,Pending,26663.04,0
OB000340,9/7/2025,C00184,Current,Transfer,1031.59,USD,Web,Desktop,Karachi,Completed,11011.13,1
OB000341,6/15/2025,C00376,Current,Withdrawal,1564.34,USD,Web,Android,Karachi,Failed,42322.54,0
OB000342,2/25/2025,C00015,Current,Bill Payment,1788.79,USD,Mobile App,Desktop,Karachi,Failed,44083.02,0
OB000343,5/24/2025,C00233,Savings,Deposit,4575.06,USD,Web,Desktop,Lahore,Completed,11971.89,1
OB000344,2/15/2025,C00229,Current,Deposit,3261.44,USD,Mobile App,Desktop,Peshawar,Pending,12660.23,0
OB000345,10/18/2025,C00136,Savings,Transfer,4926.12,USD,Web,Desktop,Peshawar,Completed,16588.5,1
OB000346,8/5/2025,C00192,Current,Transfer,4523.64,USD,Mobile App,Desktop,Peshawar,Failed,38773.47,0
OB000347,8/4/2025,C00063,Current,Withdrawal,988.6,USD,Web,iOS,Islamabad,Completed,24316.99,0
OB000348,8/6/2025,C00318,Savings,Withdrawal,206.2,USD,Web,Android,Lahore,Failed,14588.72,0
OB000349,4/26/2025,C00336,Savings,Bill Payment,43.48,USD,Web,Desktop,Lahore,Pending,29983.88,1
OB000350,1/4/2025,C00286,Current,Transfer,1129.53,USD,Web,Android,Islamabad,Failed,3392.14,0
OB000351,8/19/2025,C00292,Current,Transfer,3547.93,USD,Mobile App,iOS,Peshawar,Pending,27082.37,0
OB000352,11/21/2025,C00271,Current,Transfer,4566.75,USD,Mobile App,Desktop,Karachi,Failed,28676.18,0
OB000353,12/28/2025,C00002,Savings,Deposit,3803.98,USD,Web,iOS,Islamabad,Completed,44832.57,0
OB000354,2/3/2025,C00316,Savings,Bill Payment,1587.46,USD,Mobile App,Desktop,Islamabad,Completed,4319.18,0
OB000355,10/15/2025,C00049,Savings,Bill Payment,4521.67,USD,Web,Android,Peshawar,Completed,45776.48,0
OB000356,2/17/2025,C00369,Savings,Bill Payment,1001.43,USD,Mobile App,Android,Lahore,Completed,5766.95,1
OB000357,9/12/2025,C00147,Savings,Deposit,291.86,USD,Web,Desktop,Islamabad,Pending,2272.38,1
OB000358,3/22/2025,C00149,Current,Withdrawal,4466.04,USD,Web,iOS,Karachi,Pending,14646.66,0
OB000359,8/10/2025,C00284,Savings,Bill Payment,2879.34,USD,Web,Desktop,Lahore,Completed,32151.32,0
OB000360,2/24/2025,C00050,Savings,Withdrawal,2946.5,USD,Web,Android,Karachi,Failed,37044.32,0
OB000361,5/23/2025,C00032,Current,Withdrawal,4849.12,USD,Web,Android,Peshawar,Failed,30072.33,1
OB000362,7/26/2025,C00113,Current,Deposit,3908.92,USD,Mobile App,iOS,Lahore,Pending,49722.86,0
OB000363,5/27/2025,C00366,Current,Transfer,832.96,USD,Mobile App,iOS,Islamabad,Pending,11159.49,0
OB000364,4/1/2025,C00045,Current,Bill Payment,1756.33,USD,Mobile App,iOS,Peshawar,Completed,45576.05,1
OB000365,6/6/2025,C00035,Current,Bill Payment,4822.57,USD,Web,Desktop,Lahore,Completed,45721.87,1
OB000366,9/15/2025,C00353,Current,Bill Payment,4435.08,USD,Web,Android,Islamabad,Completed,23093.39,0
OB000367,11/5/2025,C00091,Savings,Bill Payment,2430.81,USD,Web,iOS,Lahore,Completed,44181.41,0
OB000368,9/16/2025,C00149,Current,Withdrawal,3136.92,USD,Web,Desktop,Islamabad,Pending,26058.25,0
OB000369,4/22/2025,C00391,Savings,Deposit,4341.87,USD,Web,Desktop,Karachi,Completed,25266.78,0
OB000370,6/4/2025,C00196,Savings,Transfer,1445.04,USD,Mobile App,iOS,Islamabad,Pending,26397.03,1
OB000371,7/21/2025,C00255,Current,Bill Payment,3557.57,USD,Mobile App,Android,Islamabad,Completed,6070.8,1
OB000372,3/21/2025,C00130,Current,Transfer,3952.3,USD,Web,iOS,Karachi,Pending,47251,1
OB000373,12/7/2025,C00382,Savings,Bill Payment,151.9,USD,Web,iOS,Lahore,Completed,5217.98,1
OB000374,11/12/2025,C00377,Current,Bill Payment,2695.03,USD,Web,Android,Lahore,Pending,28358.08,0
OB000375,12/12/2025,C00280,Current,Withdrawal,3244.76,USD,Web,Android,Islamabad,Completed,40623.08,0
OB000376,12/22/2025,C00213,Savings,Bill Payment,4386.32,USD,Web,Android,Peshawar,Failed,698.72,0
OB000377,4/26/2025,C00020,Current,Deposit,2173.01,USD,Web,iOS,Karachi,Failed,36892.02,0
OB000378,6/24/2025,C00166,Current,Deposit,4234.26,USD,Web,iOS,Islamabad,Completed,42407.34,0
OB000379,10/18/2025,C00198,Current,Deposit,1863.53,USD,Mobile App,iOS,Lahore,Failed,47196.54,1
OB000380,2/10/2025,C00252,Savings,Deposit,919.83,USD,Mobile App,Android,Lahore,Completed,23492.45,0
OB000381,12/3/2025,C00061,Current,Transfer,1406.37,USD,Mobile App,Desktop,Islamabad,Completed,47897.83,0
OB000382,8/10/2025,C00002,Current,Transfer,2410.1,USD,Web,Desktop,Lahore,Completed,48559.78,1
OB000383,12/3/2025,C00176,Savings,Bill Payment,192.62,USD,Mobile App,Android,Karachi,Completed,17004.88,1
OB000384,9/16/2025,C00039,Current,Deposit,3538.99,USD,Mobile App,Desktop,Lahore,Failed,45284.66,0
OB000385,5/18/2025,C00076,Savings,Bill Payment,146.46,USD,Mobile App,iOS,Lahore,Completed,10543.97,0
OB000386,9/5/2025,C00291,Current,Deposit,2882.07,USD,Web,Android,Karachi,Failed,12459.88,0
OB000387,6/26/2025,C00374,Savings,Transfer,3410.35,USD,Mobile App,Desktop,Lahore,Failed,21126.19,0
OB000388,10/11/2025,C00374,Current,Transfer,1165.58,USD,Web,Android,Lahore,Failed,18913.82,0
OB000389,7/17/2025,C00166,Current,Deposit,1618.67,USD,Web,iOS,Lahore,Failed,33407.23,1
OB000390,1/10/2025,C00370,Savings,Deposit,3512.37,USD,Mobile App,Desktop,Lahore,Completed,39632.61,0
OB000391,10/11/2025,C00075,Current,Transfer,735.01,USD,Mobile App,Desktop,Islamabad,Completed,29445.25,0
OB000392,3/25/2025,C00124,Savings,Transfer,2079.27,USD,Web,iOS,Karachi,Failed,24025.92,0
OB000393,6/18/2025,C00253,Savings,Transfer,1594.75,USD,Mobile App,Desktop,Lahore,Pending,37360.68,0
OB000394,3/17/2025,C00383,Savings,Withdrawal,3576.46,USD,Web,Desktop,Peshawar,Completed,25923.1,0
OB000395,1/4/2025,C00122,Current,Transfer,3732.12,USD,Mobile App,iOS,Peshawar,Pending,11545.82,0
OB000396,7/5/2025,C00112,Savings,Deposit,4126.95,USD,Mobile App,iOS,Peshawar,Completed,27436.87,0
OB000397,1/24/2025,C00086,Current,Deposit,2670.3,USD,Mobile App,Android,Lahore,Pending,18034.43,0
OB000398,4/13/2025,C00221,Savings,Withdrawal,480.74,USD,Web,Desktop,Karachi,Pending,31264.22,0
OB000399,1/11/2025,C00170,Savings,Bill Payment,1580.22,USD,Mobile App,iOS,Peshawar,Pending,30504.7,0
OB000400,12/5/2025,C00283,Current,Deposit,2746.53,USD,Web,Android,Peshawar,Completed,39739.34,0
OB000401,1/2/2025,C00015,Savings,Bill Payment,1322.92,USD,Web,iOS,Islamabad,Completed,23037.43,1
OB000402,4/4/2025,C00146,Current,Transfer,859.5,USD,Mobile App,Desktop,Lahore,Pending,11951.51,1
OB000403,11/26/2025,C00108,Current,Withdrawal,1943.11,USD,Web,Desktop,Islamabad,Pending,21639.59,0
OB000404,10/1/2025,C00389,Current,Transfer,1344.83,USD,Web,Desktop,Peshawar,Pending,17072.38,1
OB000405,1/7/2025,C00140,Current,Bill Payment,1703.64,USD,Web,iOS,Peshawar,Completed,49822.59,0
OB000406,11/13/2025,C00185,Current,Bill Payment,3544.52,USD,Mobile App,Desktop,Peshawar,Failed,15671.77,1
OB000407,2/7/2025,C00172,Current,Deposit,1103.03,USD,Web,iOS,Islamabad,Failed,47148.01,0
OB000408,8/28/2025,C00202,Savings,Bill Payment,1056.07,USD,Mobile App,Android,Peshawar,Completed,25406.57,1
OB000409,6/23/2025,C00325,Savings,Withdrawal,4293.73,USD,Mobile App,iOS,Lahore,Failed,26949.91,0
OB000410,10/12/2025,C00030,Current,Withdrawal,4651.09,USD,Web,Desktop,Islamabad,Pending,47612.48,0
OB000411,9/23/2025,C00362,Current,Transfer,354.23,USD,Web,Desktop,Islamabad,Completed,21517.51,1
OB000412,1/5/2025,C00293,Savings,Withdrawal,3024.13,USD,Web,Desktop,Peshawar,Completed,32188.72,0
OB000413,5/23/2025,C00274,Current,Bill Payment,3694.84,USD,Web,iOS,Peshawar,Pending,24135.67,0
OB000414,3/5/2025,C00008,Current,Bill Payment,1782.42,USD,Mobile App,Desktop,Karachi,Completed,42796.95,0
OB000415,1/14/2025,C00056,Current,Transfer,722.38,USD,Mobile App,Desktop,Karachi,Pending,1957.02,1
OB000416,12/22/2025,C00021,Current,Deposit,2372.04,USD,Mobile App,Desktop,Peshawar,Completed,5081.4,0
OB000417,1/23/2025,C00383,Current,Bill Payment,1228.14,USD,Web,iOS,Karachi,Failed,35835.4,1
OB000418,11/4/2025,C00111,Savings,Deposit,1213.33,USD,Web,Desktop,Karachi,Completed,47227.68,0
OB000419,12/13/2025,C00083,Savings,Transfer,1471.72,USD,Mobile App,iOS,Peshawar,Pending,1569.52,0
OB000420,7/28/2025,C00362,Savings,Transfer,2781.29,USD,Web,Desktop,Peshawar,Failed,49365.43,1
OB000421,7/19/2025,C00189,Savings,Bill Payment,655.1,USD,Web,iOS,Islamabad,Failed,13876.17,0
OB000422,6/11/2025,C00127,Savings,Bill Payment,4341.07,USD,Web,Android,Peshawar,Failed,46836.58,0
OB000423,11/8/2025,C00148,Current,Deposit,653.94,USD,Web,iOS,Islamabad,Failed,37492.5,0
OB000424,9/28/2025,C00036,Savings,Transfer,781.35,USD,Web,iOS,Peshawar,Completed,35116.49,1
OB000425,5/15/2025,C00393,Current,Transfer,1305.47,USD,Mobile App,Desktop,Lahore,Pending,13882.52,1
OB000426,5/1/2025,C00256,Current,Transfer,2911.72,USD,Web,iOS,Islamabad,Pending,41290.33,0
OB000427,1/18/2025,C00227,Savings,Deposit,2510.1,USD,Mobile App,Desktop,Karachi,Failed,20800,0
OB000428,11/24/2025,C00372,Current,Deposit,4979.05,USD,Web,iOS,Karachi,Completed,29587.48,0
OB000429,9/21/2025,C00249,Savings,Bill Payment,2371.95,USD,Web,iOS,Lahore,Pending,18860.83,0
OB000430,11/24/2025,C00273,Savings,Withdrawal,1853.67,USD,Web,Desktop,Peshawar,Failed,1244.06,0
OB000431,6/24/2025,C00230,Savings,Transfer,1856.43,USD,Web,Android,Islamabad,Pending,37296.62,0
OB000432,5/23/2025,C00317,Current,Withdrawal,3157.31,USD,Web,Desktop,Lahore,Failed,9000.8,0
OB000433,4/3/2025,C00324,Savings,Deposit,3405.73,USD,Web,iOS,Lahore,Pending,39595.59,1
OB000434,5/15/2025,C00297,Current,Bill Payment,3430.57,USD,Web,Android,Karachi,Failed,36866.43,0
OB000435,9/23/2025,C00137,Current,Withdrawal,2868.34,USD,Mobile App,iOS,Karachi,Failed,11567.45,0
OB000436,10/12/2025,C00246,Current,Bill Payment,4848.68,USD,Web,iOS,Peshawar,Completed,44910.62,0
OB000437,9/17/2025,C00312,Current,Bill Payment,2390.01,USD,Mobile App,Android,Lahore,Pending,22239.92,0
OB000438,8/3/2025,C00305,Savings,Deposit,4660.23,USD,Mobile App,Android,Lahore,Completed,18846.75,0
OB000439,11/27/2025,C00284,Savings,Deposit,4752.26,USD,Web,Android,Lahore,Completed,4317.46,0
OB000440,5/20/2025,C00109,Savings,Bill Payment,4194.46,USD,Web,Desktop,Islamabad,Failed,42527.98,0
OB000441,6/22/2025,C00260,Current,Deposit,1715.18,USD,Web,Desktop,Peshawar,Pending,16055,1
OB000442,10/18/2025,C00045,Current,Bill Payment,2091.03,USD,Mobile App,Android,Karachi,Failed,47267.68,0
OB000443,8/15/2025,C00277,Savings,Withdrawal,4808.41,USD,Mobile App,Android,Lahore,Completed,8805.33,0
OB000444,2/28/2025,C00009,Savings,Withdrawal,1139.11,USD,Web,iOS,Peshawar,Failed,30391.88,0
OB000445,9/15/2025,C00053,Current,Withdrawal,3176.35,USD,Mobile App,Desktop,Lahore,Completed,39358.16,1
OB000446,11/11/2025,C00375,Current,Bill Payment,3357.09,USD,Mobile App,Desktop,Peshawar,Completed,21848.49,0
OB000447,1/11/2025,C00118,Savings,Transfer,3177.5,USD,Web,Desktop,Islamabad,Failed,34007,1
OB000448,6/16/2025,C00297,Current,Deposit,4282.15,USD,Mobile App,Desktop,Peshawar,Pending,6045.99,0
OB000449,1/2/2025,C00015,Current,Deposit,4028.08,USD,Web,Desktop,Islamabad,Completed,5332.06,0
OB000450,10/24/2025,C00041,Savings,Bill Payment,3750.82,USD,Web,Desktop,Islamabad,Completed,44006.6,0
OB000451,12/9/2025,C00375,Savings,Bill Payment,2997.18,USD,Mobile App,iOS,Islamabad,Pending,47769.38,1
OB000452,11/23/2025,C00092,Savings,Withdrawal,770.64,USD,Web,iOS,Islamabad,Completed,33156.2,1
OB000453,3/17/2025,C00140,Savings,Bill Payment,4725.15,USD,Mobile App,Android,Lahore,Failed,23458.36,0
OB000454,12/17/2025,C00043,Current,Bill Payment,4785,USD,Mobile App,Android,Karachi,Failed,20056.96,0
OB000455,10/12/2025,C00013,Current,Transfer,1376.66,USD,Web,Desktop,Peshawar,Completed,40907.5,0
OB000456,10/18/2025,C00069,Savings,Withdrawal,3633.24,USD,Mobile App,iOS,Lahore,Completed,18393.58,0
OB000457,11/18/2025,C00182,Current,Withdrawal,1936.83,USD,Mobile App,iOS,Lahore,Pending,42584.42,1
OB000458,2/19/2025,C00004,Current,Withdrawal,3569.4,USD,Web,iOS,Islamabad,Failed,24011.39,0
OB000459,1/2/2025,C00370,Current,Transfer,1877.2,USD,Mobile App,Android,Peshawar,Failed,38600.66,0
OB000460,11/20/2025,C00216,Savings,Deposit,2203.88,USD,Web,iOS,Islamabad,Failed,10262.66,1
OB000461,2/24/2025,C00307,Savings,Bill Payment,319.83,USD,Web,iOS,Peshawar,Completed,32667.35,0
OB000462,1/12/2025,C00189,Current,Bill Payment,1715.83,USD,Web,Android,Lahore,Completed,11702.1,0
OB000463,6/20/2025,C00147,Current,Bill Payment,1383.92,USD,Mobile App,iOS,Karachi,Pending,40396.48,0
OB000464,2/9/2025,C00134,Savings,Transfer,1245.61,USD,Web,Desktop,Islamabad,Completed,19649.75,0
OB000465,1/13/2025,C00361,Current,Transfer,4238.72,USD,Mobile App,Desktop,Islamabad,Completed,31860.56,0
OB000466,2/4/2025,C00158,Savings,Transfer,4724.16,USD,Mobile App,iOS,Lahore,Failed,42072.64,0
OB000467,9/3/2025,C00299,Savings,Transfer,2995.92,USD,Web,Desktop,Lahore,Failed,28776.56,1
OB000468,4/7/2025,C00400,Savings,Bill Payment,2575.26,USD,Web,Android,Karachi,Failed,33585.74,0
OB000469,9/20/2025,C00148,Savings,Deposit,4703.87,USD,Mobile App,Desktop,Peshawar,Completed,35529.64,1
OB000470,11/16/2025,C00112,Savings,Withdrawal,1663.15,USD,Mobile App,Desktop,Islamabad,Pending,23751.01,0
OB000471,7/6/2025,C00227,Savings,Transfer,3567.91,USD,Web,iOS,Lahore,Pending,41057.47,1
OB000472,12/11/2025,C00141,Current,Withdrawal,714.55,USD,Web,Android,Peshawar,Completed,29028.75,0
OB000473,6/25/2025,C00082,Savings,Transfer,4443.13,USD,Web,Desktop,Islamabad,Failed,585.74,0
OB000474,1/26/2025,C00202,Savings,Bill Payment,1044.33,USD,Web,Android,Peshawar,Failed,6110.02,0
OB000475,3/9/2025,C00338,Current,Bill Payment,1883.77,USD,Mobile App,Desktop,Lahore,Pending,28339.87,0
OB000476,7/10/2025,C00016,Current,Bill Payment,2894.92,USD,Mobile App,iOS,Karachi,Failed,2815.04,0
OB000477,1/17/2025,C00044,Current,Withdrawal,840.05,USD,Mobile App,iOS,Karachi,Completed,49577.58,0
OB000478,9/8/2025,C00255,Current,Transfer,1598.85,USD,Mobile App,Desktop,Lahore,Completed,8738.9,0
OB000479,3/8/2025,C00165,Savings,Deposit,2368.45,USD,Web,Desktop,Karachi,Failed,327.16,0
OB000480,8/13/2025,C00205,Savings,Withdrawal,3111.59,USD,Web,iOS,Peshawar,Pending,34734.22,0
OB000481,1/7/2025,C00093,Savings,Transfer,2815.71,USD,Web,iOS,Karachi,Completed,39153.42,0
OB000482,9/18/2025,C00271,Savings,Transfer,4422.27,USD,Web,iOS,Karachi,Failed,34678.33,0
OB000483,10/21/2025,C00277,Savings,Deposit,2740.38,USD,Web,Android,Karachi,Pending,1002.61,0
OB000484,6/6/2025,C00136,Current,Transfer,1040.46,USD,Mobile App,iOS,Lahore,Pending,39128.31,0
OB000485,7/24/2025,C00330,Current,Bill Payment,868.17,USD,Web,Android,Peshawar,Failed,30215.69,0
OB000486,4/24/2025,C00307,Current,Withdrawal,251.8,USD,Web,Desktop,Lahore,Pending,31753.96,1
OB000487,1/9/2025,C00157,Current,Bill Payment,1560.35,USD,Mobile App,iOS,Islamabad,Pending,2653.72,0
OB000488,6/18/2025,C00245,Savings,Transfer,121.66,USD,Web,Desktop,Lahore,Pending,48259.43,0
OB000489,2/4/2025,C00245,Current,Bill Payment,899.51,USD,Web,Desktop,Karachi,Pending,21015.4,0
OB000490,6/28/2025,C00020,Savings,Withdrawal,4094.61,USD,Web,Desktop,Karachi,Failed,12690.19,0
OB000491,8/6/2025,C00067,Current,Withdrawal,3513.78,USD,Web,Android,Karachi,Completed,26848.99,1
OB000492,10/28/2025,C00180,Savings,Withdrawal,1655.3,USD,Mobile App,iOS,Lahore,Failed,34857.81,0
OB000493,2/8/2025,C00096,Savings,Deposit,4870.52,USD,Web,Android,Islamabad,Completed,35155.58,1
OB000494,4/17/2025,C00298,Savings,Deposit,1611.14,USD,Mobile App,Desktop,Karachi,Failed,38687.39,1
OB000495,3/23/2025,C00086,Savings,Bill Payment,4520.44,USD,Mobile App,Android,Islamabad,Pending,35779.39,0
OB000496,12/9/2025,C00302,Savings,Bill Payment,981.36,USD,Web,Android,Peshawar,Pending,16216.6,1
OB000497,5/5/2025,C00177,Current,Deposit,120.18,USD,Mobile App,iOS,Lahore,Completed,11446.22,0
OB000498,6/26/2025,C00238,Current,Transfer,3904.46,USD,Web,Desktop,Peshawar,Failed,49420.64,0
OB000499,6/28/2025,C00266,Savings,Transfer,3754.42,USD,Web,Desktop,Peshawar,Pending,37578.01,1
OB000500,6/3/2025,C00386,Savings,Withdrawal,52.74,USD,Web,Android,Islamabad,Pending,4041.44,0
OB000501,5/5/2025,C00263,Current,Withdrawal,1856.6,USD,Mobile App,Desktop,Lahore,Completed,35290.98,0
OB000502,10/8/2025,C00249,Current,Bill Payment,4838.46,USD,Mobile App,iOS,Lahore,Pending,32882.02,1
OB000503,4/1/2025,C00036,Savings,Deposit,1204.67,USD,Web,Desktop,Islamabad,Completed,42028.79,0
OB000504,1/21/2025,C00258,Current,Transfer,2454.47,USD,Web,Desktop,Lahore,Failed,16196.64,0
OB000505,2/16/2025,C00079,Savings,Deposit,3517.2,USD,Web,Desktop,Islamabad,Failed,46044.29,0
OB000506,12/2/2025,C00209,Current,Transfer,4603.56,USD,Mobile App,iOS,Karachi,Failed,21325.31,0
OB000507,10/6/2025,C00097,Current,Withdrawal,206.59,USD,Web,iOS,Lahore,Failed,9874.13,0
OB000508,6/12/2025,C00114,Current,Bill Payment,792.87,USD,Web,iOS,Lahore,Pending,26324.94,0
OB000509,1/11/2025,C00097,Current,Transfer,3358.12,USD,Mobile App,iOS,Lahore,Pending,28970.21,1
OB000510,7/1/2025,C00148,Savings,Deposit,231.49,USD,Web,Android,Karachi,Completed,36098.56,0
OB000511,4/21/2025,C00183,Savings,Withdrawal,2992.51,USD,Mobile App,Android,Islamabad,Completed,24583.36,0
OB000512,7/25/2025,C00078,Current,Deposit,628.88,USD,Mobile App,iOS,Islamabad,Pending,48136.03,0
OB000513,6/13/2025,C00310,Current,Transfer,1251.11,USD,Mobile App,Desktop,Lahore,Completed,30940.52,0
OB000514,1/6/2025,C00050,Savings,Bill Payment,3988.91,USD,Web,iOS,Peshawar,Pending,23136.09,1
OB000515,2/16/2025,C00099,Current,Bill Payment,3053.41,USD,Web,Android,Karachi,Pending,30230.57,0
OB000516,12/1/2025,C00258,Savings,Deposit,1257.22,USD,Web,Desktop,Islamabad,Completed,39687.03,0
OB000517,1/4/2025,C00104,Savings,Withdrawal,3008.52,USD,Mobile App,Android,Lahore,Pending,31066.64,1
OB000518,4/7/2025,C00183,Current,Transfer,106.56,USD,Mobile App,iOS,Lahore,Completed,14172.67,1
OB000519,3/19/2025,C00241,Savings,Withdrawal,175.31,USD,Mobile App,Android,Lahore,Pending,6780.36,0
OB000520,3/19/2025,C00276,Savings,Withdrawal,4270.4,USD,Mobile App,iOS,Islamabad,Failed,42313.54,0
OB000521,12/21/2025,C00147,Savings,Deposit,3389.21,USD,Mobile App,iOS,Islamabad,Completed,28910.92,1
OB000522,7/2/2025,C00101,Savings,Deposit,4320.85,USD,Mobile App,Android,Peshawar,Completed,42463.53,0
OB000523,6/27/2025,C00311,Current,Bill Payment,2906.82,USD,Web,Desktop,Lahore,Completed,43538.5,0
OB000524,5/27/2025,C00223,Savings,Transfer,3721,USD,Mobile App,iOS,Karachi,Pending,20053.06,0
OB000525,6/26/2025,C00055,Current,Withdrawal,937.56,USD,Mobile App,Android,Islamabad,Completed,38736.37,0
OB000526,12/14/2025,C00111,Savings,Transfer,815.32,USD,Mobile App,iOS,Islamabad,Failed,10319.32,1
OB000527,4/16/2025,C00208,Savings,Transfer,4894.07,USD,Mobile App,Desktop,Peshawar,Failed,37071.07,0
OB000528,11/11/2025,C00388,Current,Withdrawal,242.13,USD,Mobile App,iOS,Karachi,Failed,14372.6,1
OB000529,1/27/2025,C00342,Savings,Deposit,428.55,USD,Web,Desktop,Karachi,Failed,40145.41,0
OB000530,9/27/2025,C00010,Savings,Withdrawal,3799.86,USD,Web,iOS,Lahore,Failed,11968.41,1
OB000531,9/23/2025,C00390,Current,Transfer,178.67,USD,Mobile App,Android,Islamabad,Completed,12336.37,0
OB000532,11/13/2025,C00104,Savings,Withdrawal,714.47,USD,Web,iOS,Islamabad,Failed,23859.18,0
OB000533,7/15/2025,C00349,Savings,Transfer,4723.22,USD,Web,iOS,Peshawar,Completed,18843.23,1
OB000534,11/25/2025,C00136,Current,Transfer,1895.86,USD,Mobile App,Desktop,Karachi,Pending,38314.23,1
OB000535,6/4/2025,C00337,Current,Deposit,3208.05,USD,Web,iOS,Islamabad,Pending,994.1,1
OB000536,2/1/2025,C00032,Savings,Transfer,1736.05,USD,Mobile App,iOS,Karachi,Completed,31099.74,0
OB000537,10/25/2025,C00296,Current,Transfer,346.41,USD,Web,iOS,Karachi,Completed,877.31,0
OB000538,9/7/2025,C00273,Current,Withdrawal,2004.65,USD,Mobile App,iOS,Peshawar,Completed,19718.07,0
OB000539,9/25/2025,C00321,Current,Transfer,154.53,USD,Mobile App,Desktop,Karachi,Failed,14235.97,0
OB000540,7/12/2025,C00201,Current,Bill Payment,4307.74,USD,Web,iOS,Peshawar,Pending,21596.37,0
OB000541,4/12/2025,C00210,Savings,Deposit,954.87,USD,Mobile App,Android,Karachi,Pending,26907.07,0
OB000542,2/1/2025,C00322,Current,Deposit,4620.03,USD,Web,iOS,Lahore,Pending,12907.56,0
OB000543,4/5/2025,C00122,Current,Bill Payment,4165.63,USD,Web,iOS,Islamabad,Pending,26895.13,1
OB000544,2/18/2025,C00049,Savings,Transfer,3555.95,USD,Mobile App,Android,Karachi,Completed,10770.33,0
OB000545,8/7/2025,C00115,Savings,Withdrawal,3032.56,USD,Web,Android,Karachi,Completed,32384.94,0
OB000546,7/15/2025,C00023,Savings,Transfer,601.22,USD,Mobile App,iOS,Karachi,Failed,30451.06,0
OB000547,9/19/2025,C00147,Savings,Withdrawal,3391.08,USD,Mobile App,Desktop,Islamabad,Completed,9573.21,0
OB000548,11/26/2025,C00319,Savings,Deposit,2435.95,USD,Web,Android,Peshawar,Completed,16823.42,1
OB000549,3/21/2025,C00183,Current,Bill Payment,3144.36,USD,Web,Android,Lahore,Pending,11589.78,1
OB000550,2/25/2025,C00371,Current,Withdrawal,4745.64,USD,Web,iOS,Peshawar,Failed,38061.14,0
OB000551,2/26/2025,C00133,Current,Transfer,2631.99,USD,Web,iOS,Peshawar,Pending,31780.23,0
OB000552,2/1/2025,C00185,Current,Bill Payment,4488.57,USD,Web,Desktop,Islamabad,Failed,35675.56,1
OB000553,10/10/2025,C00368,Current,Withdrawal,783.83,USD,Web,Desktop,Peshawar,Failed,5156.94,1
OB000554,3/16/2025,C00144,Savings,Withdrawal,509.05,USD,Web,Desktop,Lahore,Completed,26097.23,0
OB000555,10/8/2025,C00189,Savings,Bill Payment,4593.18,USD,Web,Desktop,Lahore,Failed,13030.67,1
OB000556,2/1/2025,C00063,Savings,Deposit,761.75,USD,Web,Android,Karachi,Pending,1374.66,0
OB000557,9/7/2025,C00212,Savings,Withdrawal,2349.19,USD,Web,iOS,Lahore,Completed,40527.93,0
OB000558,9/22/2025,C00399,Savings,Transfer,2806.9,USD,Mobile App,Android,Islamabad,Failed,23298.72,0
OB000559,7/7/2025,C00004,Savings,Bill Payment,4854.21,USD,Web,Desktop,Islamabad,Completed,48262.88,0
OB000560,4/14/2025,C00398,Savings,Deposit,3497.99,USD,Mobile App,iOS,Lahore,Pending,39265.69,1
OB000561,2/6/2025,C00196,Savings,Transfer,824.85,USD,Mobile App,iOS,Islamabad,Completed,42742.34,1
OB000562,4/4/2025,C00138,Current,Deposit,1856.79,USD,Mobile App,Desktop,Islamabad,Completed,2088.31,1
OB000563,4/4/2025,C00231,Savings,Withdrawal,615.94,USD,Mobile App,Android,Islamabad,Completed,37103.66,1
OB000564,12/14/2025,C00330,Savings,Transfer,3643.05,USD,Web,Android,Lahore,Failed,8699.86,0
OB000565,7/17/2025,C00283,Savings,Withdrawal,1830.47,USD,Mobile App,Android,Lahore,Pending,32779.35,0
OB000566,3/22/2025,C00297,Current,Withdrawal,172.7,USD,Web,Android,Peshawar,Completed,28626.44,0
OB000567,11/7/2025,C00308,Current,Transfer,3477.19,USD,Web,Android,Lahore,Completed,25488.64,0
OB000568,2/7/2025,C00321,Current,Withdrawal,428.13,USD,Mobile App,Desktop,Peshawar,Failed,4019.78,0
OB000569,2/3/2025,C00275,Current,Transfer,4019.09,USD,Web,iOS,Lahore,Completed,42317.7,0
OB000570,7/24/2025,C00038,Current,Withdrawal,641.42,USD,Web,iOS,Karachi,Failed,46445.04,1
OB000571,2/18/2025,C00286,Current,Withdrawal,1984.87,USD,Mobile App,Desktop,Lahore,Pending,18079.23,0
OB000572,11/20/2025,C00089,Savings,Transfer,2493.07,USD,Mobile App,iOS,Lahore,Pending,23842.92,0
OB000573,4/15/2025,C00180,Current,Deposit,352.51,USD,Mobile App,Desktop,Karachi,Completed,7965.93,0
OB000574,8/8/2025,C00100,Savings,Withdrawal,3524.89,USD,Mobile App,Android,Peshawar,Completed,22873.98,0
OB000575,9/19/2025,C00058,Current,Deposit,1639.89,USD,Mobile App,Android,Islamabad,Pending,45265.24,1
OB000576,7/21/2025,C00383,Savings,Withdrawal,1831.53,USD,Web,iOS,Islamabad,Failed,40759.94,0
OB000577,7/28/2025,C00020,Savings,Bill Payment,4906.78,USD,Web,Android,Lahore,Pending,26702.79,0
OB000578,9/6/2025,C00112,Current,Bill Payment,1369.43,USD,Mobile App,Android,Islamabad,Failed,47359.94,0
OB000579,1/15/2025,C00386,Savings,Deposit,1949.39,USD,Mobile App,Android,Islamabad,Failed,22655.31,0
OB000580,12/25/2025,C00232,Savings,Transfer,2392.02,USD,Web,iOS,Peshawar,Pending,14427.49,0
OB000581,6/5/2025,C00164,Savings,Bill Payment,3111.39,USD,Mobile App,Desktop,Karachi,Pending,37918.31,0
OB000582,8/13/2025,C00202,Current,Transfer,1769.53,USD,Web,Android,Lahore,Pending,38403.97,0
OB000583,2/16/2025,C00155,Savings,Transfer,839.5,USD,Web,iOS,Lahore,Completed,23097.95,0
OB000584,4/22/2025,C00135,Current,Transfer,752.16,USD,Web,Desktop,Islamabad,Failed,25184.75,0
OB000585,5/16/2025,C00353,Current,Bill Payment,233.54,USD,Web,Desktop,Peshawar,Pending,15188.86,0
OB000586,1/24/2025,C00298,Current,Bill Payment,2204.91,USD,Web,Android,Karachi,Failed,1934.94,0
OB000587,1/21/2025,C00034,Savings,Withdrawal,1511.66,USD,Mobile App,Android,Lahore,Failed,34355.26,0
OB000588,1/5/2025,C00184,Current,Deposit,676.5,USD,Mobile App,iOS,Karachi,Failed,40993.51,1
OB000589,5/27/2025,C00050,Current,Transfer,3939.47,USD,Mobile App,Android,Lahore,Pending,10074.62,1
OB000590,9/17/2025,C00095,Savings,Transfer,2885.9,USD,Mobile App,iOS,Peshawar,Pending,37405.24,0
OB000591,4/20/2025,C00187,Current,Bill Payment,3912.37,USD,Mobile App,iOS,Peshawar,Pending,14878.84,1
OB000592,5/3/2025,C00116,Savings,Transfer,4582.97,USD,Mobile App,iOS,Islamabad,Failed,4094.9,1
OB000593,8/4/2025,C00009,Savings,Deposit,3982.89,USD,Mobile App,iOS,Karachi,Completed,26886.28,0
OB000594,10/27/2025,C00241,Current,Bill Payment,3268.21,USD,Web,iOS,Islamabad,Completed,29247.86,1
OB000595,7/2/2025,C00163,Current,Withdrawal,1235.39,USD,Web,iOS,Karachi,Completed,46395.6,0
OB000596,4/25/2025,C00167,Savings,Deposit,3384.73,USD,Mobile App,iOS,Peshawar,Failed,23734.25,0
OB000597,12/9/2025,C00359,Savings,Withdrawal,4024.51,USD,Mobile App,Desktop,Islamabad,Pending,43361.12,0
OB000598,6/9/2025,C00231,Savings,Transfer,188.82,USD,Web,iOS,Peshawar,Failed,49850.18,1
OB000599,5/20/2025,C00004,Current,Deposit,2815.47,USD,Mobile App,Android,Lahore,Completed,34649.35,0
OB000600,12/28/2025,C00362,Current,Bill Payment,2750.99,USD,Mobile App,iOS,Peshawar,Pending,36731.41,1
OB000601,11/18/2025,C00080,Current,Bill Payment,4139.29,USD,Mobile App,iOS,Islamabad,Pending,14545.89,0
OB000602,4/9/2025,C00221,Savings,Transfer,4310.55,USD,Mobile App,Desktop,Karachi,Failed,18487.77,0
OB000603,11/19/2025,C00007,Savings,Deposit,4656.58,USD,Web,Desktop,Islamabad,Pending,18179.67,1
OB000604,4/6/2025,C00164,Current,Deposit,1561.21,USD,Web,Desktop,Peshawar,Pending,15562.64,1
OB000605,6/8/2025,C00234,Current,Deposit,2485.31,USD,Web,iOS,Karachi,Failed,32440.25,1
OB000606,8/6/2025,C00283,Current,Bill Payment,2653.54,USD,Web,Android,Lahore,Failed,13934.65,0
OB000607,2/17/2025,C00207,Current,Transfer,4284.66,USD,Mobile App,Desktop,Karachi,Completed,3287.13,1
OB000608,3/23/2025,C00057,Savings,Withdrawal,259.16,USD,Mobile App,Desktop,Peshawar,Failed,6189.06,0
OB000609,4/2/2025,C00185,Savings,Deposit,4850.68,USD,Web,iOS,Islamabad,Failed,26105.89,0
OB000610,10/4/2025,C00258,Current,Bill Payment,725.06,USD,Web,Desktop,Karachi,Pending,6646.28,1
OB000611,1/28/2025,C00380,Savings,Deposit,2755.55,USD,Mobile App,Desktop,Lahore,Failed,37152.65,0
OB000612,2/12/2025,C00302,Savings,Bill Payment,2954.55,USD,Web,Desktop,Karachi,Pending,17587.67,0
OB000613,3/8/2025,C00061,Current,Transfer,1276,USD,Mobile App,iOS,Lahore,Pending,7158.71,0
OB000614,3/3/2025,C00087,Current,Transfer,2786.71,USD,Web,iOS,Peshawar,Pending,10419.36,1
OB000615,9/13/2025,C00343,Savings,Withdrawal,3295.66,USD,Mobile App,Desktop,Karachi,Completed,36639.11,1
OB000616,3/1/2025,C00385,Current,Transfer,2625.17,USD,Web,Desktop,Karachi,Completed,42006,1
OB000617,7/24/2025,C00142,Current,Transfer,3425.21,USD,Mobile App,Android,Peshawar,Failed,46511.44,0
OB000618,7/23/2025,C00111,Current,Withdrawal,2004.16,USD,Web,iOS,Islamabad,Pending,26382.63,0
OB000619,11/25/2025,C00176,Current,Bill Payment,3599.96,USD,Mobile App,Android,Islamabad,Failed,47132.88,0
OB000620,1/26/2025,C00272,Current,Bill Payment,94.1,USD,Mobile App,Android,Islamabad,Completed,4627.08,0
OB000621,3/23/2025,C00261,Current,Bill Payment,2533.1,USD,Web,iOS,Islamabad,Failed,22383.54,0
OB000622,9/3/2025,C00085,Current,Withdrawal,3804.62,USD,Mobile App,iOS,Islamabad,Failed,41283.59,0
OB000623,8/13/2025,C00206,Current,Deposit,3685.94,USD,Web,iOS,Lahore,Failed,12074.22,0
OB000624,9/20/2025,C00009,Current,Deposit,848.25,USD,Mobile App,Desktop,Lahore,Failed,23911.15,0
OB000625,2/2/2025,C00063,Current,Deposit,4591.09,USD,Web,Desktop,Peshawar,Failed,31237.03,0
OB000626,7/21/2025,C00338,Savings,Withdrawal,2673.1,USD,Mobile App,Desktop,Peshawar,Pending,11829.61,0
OB000627,12/23/2025,C00139,Savings,Bill Payment,2632.47,USD,Web,iOS,Islamabad,Completed,31319.7,0
OB000628,9/15/2025,C00150,Current,Bill Payment,48.05,USD,Mobile App,iOS,Lahore,Failed,9306.2,0
OB000629,2/17/2025,C00287,Current,Deposit,1351.25,USD,Web,Desktop,Peshawar,Completed,43846.07,1
OB000630,3/12/2025,C00219,Current,Bill Payment,1879.23,USD,Mobile App,Android,Lahore,Failed,37635.95,0
OB000631,12/19/2025,C00224,Current,Withdrawal,140.53,USD,Mobile App,Desktop,Peshawar,Failed,43776.43,1
OB000632,7/18/2025,C00112,Current,Deposit,1112.56,USD,Web,Android,Karachi,Pending,671.73,0
OB000633,6/3/2025,C00124,Savings,Transfer,826.54,USD,Web,Desktop,Lahore,Failed,4764.89,0
OB000634,7/26/2025,C00230,Current,Bill Payment,3132.49,USD,Web,Desktop,Lahore,Failed,31710.84,0
OB000635,8/21/2025,C00165,Current,Transfer,794.47,USD,Mobile App,Desktop,Peshawar,Completed,23488.21,0
OB000636,10/25/2025,C00208,Current,Bill Payment,1088.16,USD,Mobile App,iOS,Karachi,Pending,12054.45,0
OB000637,8/7/2025,C00030,Current,Bill Payment,1417.51,USD,Web,iOS,Karachi,Pending,41518.39,0
OB000638,12/10/2025,C00375,Savings,Withdrawal,3639.57,USD,Mobile App,iOS,Peshawar,Failed,42841.92,0
OB000639,7/12/2025,C00335,Current,Deposit,1299.14,USD,Web,iOS,Islamabad,Failed,34529.14,0
OB000640,10/18/2025,C00052,Current,Transfer,3962.84,USD,Web,Desktop,Peshawar,Completed,39275.95,1
OB000641,3/1/2025,C00305,Current,Transfer,2719.8,USD,Mobile App,Android,Peshawar,Failed,18304.21,1
OB000642,11/20/2025,C00268,Savings,Transfer,3654.56,USD,Web,iOS,Karachi,Completed,21651.39,0
OB000643,3/16/2025,C00367,Savings,Bill Payment,2723.82,USD,Web,iOS,Islamabad,Pending,22270.02,0
OB000644,2/28/2025,C00161,Current,Withdrawal,1651.37,USD,Web,iOS,Lahore,Completed,1425.53,1
OB000645,7/14/2025,C00092,Savings,Deposit,1511,USD,Web,Desktop,Peshawar,Pending,1014.49,1
OB000646,2/7/2025,C00115,Current,Withdrawal,667.11,USD,Web,Android,Lahore,Pending,44842.18,0
OB000647,2/9/2025,C00333,Savings,Withdrawal,4228.61,USD,Web,Android,Lahore,Failed,4814.64,0
OB000648,10/16/2025,C00143,Current,Withdrawal,2754.46,USD,Web,iOS,Karachi,Completed,27614.57,0
OB000649,11/18/2025,C00399,Current,Transfer,2879.28,USD,Web,Android,Peshawar,Completed,3044.72,0
OB000650,5/23/2025,C00355,Current,Bill Payment,3014.18,USD,Web,Android,Peshawar,Failed,21594.43,0
OB000651,8/3/2025,C00237,Savings,Deposit,2080.51,USD,Mobile App,iOS,Karachi,Failed,31806.43,1
OB000652,2/8/2025,C00321,Savings,Bill Payment,1493.49,USD,Web,Desktop,Peshawar,Failed,14093.72,1
OB000653,11/25/2025,C00252,Savings,Transfer,3830.78,USD,Web,Desktop,Islamabad,Pending,40486.66,0
OB000654,5/11/2025,C00262,Current,Deposit,3823.41,USD,Web,Android,Peshawar,Failed,11427,1
OB000655,11/10/2025,C00210,Savings,Transfer,1812.25,USD,Web,Desktop,Karachi,Completed,3337.5,1
OB000656,3/15/2025,C00034,Savings,Withdrawal,1644.76,USD,Web,iOS,Peshawar,Completed,47484.27,0
OB000657,12/26/2025,C00238,Savings,Bill Payment,3640.77,USD,Mobile App,iOS,Lahore,Completed,984.18,1
OB000658,3/13/2025,C00298,Savings,Deposit,3099.33,USD,Mobile App,iOS,Islamabad,Completed,36507.23,1
OB000659,7/19/2025,C00041,Savings,Withdrawal,1495.37,USD,Web,Desktop,Islamabad,Failed,24933.54,0
OB000660,4/19/2025,C00090,Savings,Deposit,1681.46,USD,Web,iOS,Peshawar,Pending,21510.98,0
OB000661,2/19/2025,C00066,Current,Withdrawal,1549.67,USD,Mobile App,Desktop,Karachi,Completed,27967.12,0
OB000662,6/10/2025,C00181,Current,Bill Payment,3044.65,USD,Web,iOS,Peshawar,Completed,19826.22,1
OB000663,10/28/2025,C00309,Current,Bill Payment,684.23,USD,Mobile App,Desktop,Islamabad,Pending,43931.37,0
OB000664,2/21/2025,C00191,Savings,Bill Payment,2949.48,USD,Mobile App,Android,Karachi,Failed,27348.98,0
OB000665,2/15/2025,C00327,Savings,Withdrawal,2832.19,USD,Web,Desktop,Islamabad,Failed,10097.49,0
OB000666,9/14/2025,C00275,Current,Transfer,3579.79,USD,Mobile App,Desktop,Peshawar,Completed,24585.73,0
OB000667,10/9/2025,C00109,Current,Bill Payment,228.16,USD,Mobile App,Desktop,Lahore,Completed,46250.16,0
OB000668,3/15/2025,C00035,Savings,Bill Payment,3738.58,USD,Mobile App,Android,Peshawar,Failed,31309.51,0
OB000669,12/18/2025,C00177,Current,Deposit,1958.26,USD,Web,Android,Islamabad,Completed,29840.04,0
OB000670,6/27/2025,C00002,Savings,Transfer,3993.99,USD,Mobile App,Android,Peshawar,Failed,35265.09,0
OB000671,10/4/2025,C00081,Savings,Withdrawal,1106.29,USD,Mobile App,iOS,Islamabad,Completed,17577.16,1
OB000672,2/7/2025,C00091,Savings,Deposit,496.16,USD,Web,Desktop,Lahore,Pending,9627.48,0
OB000673,5/11/2025,C00189,Current,Bill Payment,2127.78,USD,Web,Android,Islamabad,Failed,29918.32,1
OB000674,1/25/2025,C00026,Savings,Withdrawal,170.15,USD,Web,iOS,Peshawar,Failed,13264.87,0
OB000675,7/28/2025,C00110,Current,Withdrawal,3191.51,USD,Mobile App,Android,Lahore,Pending,9157.07,0
OB000676,12/22/2025,C00269,Current,Transfer,1489.29,USD,Web,Desktop,Islamabad,Failed,14586.45,0
OB000677,5/22/2025,C00269,Savings,Withdrawal,1643.03,USD,Web,Android,Karachi,Failed,13699.29,1
OB000678,12/19/2025,C00307,Current,Transfer,3317.72,USD,Mobile App,Android,Karachi,Failed,36814.23,0
OB000679,8/1/2025,C00396,Current,Deposit,3998.03,USD,Web,Desktop,Lahore,Completed,7773.83,0
OB000680,9/15/2025,C00187,Savings,Deposit,930.04,USD,Web,Android,Karachi,Completed,13589.71,0
OB000681,12/5/2025,C00040,Savings,Bill Payment,3891.91,USD,Mobile App,iOS,Islamabad,Failed,15970.52,0
OB000682,11/9/2025,C00180,Current,Deposit,3444.93,USD,Mobile App,Desktop,Peshawar,Completed,2456.2,0
OB000683,7/27/2025,C00341,Savings,Deposit,1779.65,USD,Web,Android,Lahore,Completed,24346.56,0
OB000684,8/16/2025,C00347,Savings,Withdrawal,4404.84,USD,Mobile App,iOS,Islamabad,Pending,42930.84,0
OB000685,12/2/2025,C00093,Current,Deposit,4179.54,USD,Mobile App,Android,Lahore,Pending,18813.26,0
OB000686,3/28/2025,C00198,Savings,Bill Payment,1955.31,USD,Web,Desktop,Karachi,Pending,19871.66,0
OB000687,2/28/2025,C00059,Savings,Withdrawal,355.14,USD,Web,Desktop,Peshawar,Pending,39519.54,0
OB000688,5/20/2025,C00139,Savings,Transfer,1055.65,USD,Web,iOS,Lahore,Failed,17567.18,1
OB000689,9/17/2025,C00003,Current,Deposit,3756.72,USD,Mobile App,Desktop,Islamabad,Failed,44765.83,0
OB000690,3/27/2025,C00366,Current,Transfer,4548.17,USD,Mobile App,Desktop,Karachi,Completed,24882.96,1
OB000691,2/22/2025,C00353,Current,Deposit,1252.84,USD,Mobile App,Desktop,Lahore,Completed,26845.49,0
OB000692,6/25/2025,C00141,Savings,Bill Payment,1787.23,USD,Web,iOS,Islamabad,Failed,41167.72,1
OB000693,7/23/2025,C00242,Savings,Transfer,2860.54,USD,Mobile App,Android,Peshawar,Pending,14862.55,0
OB000694,1/28/2025,C00052,Current,Deposit,2668.31,USD,Web,Desktop,Karachi,Completed,4910.39,0
OB000695,8/11/2025,C00332,Savings,Withdrawal,2305.36,USD,Web,iOS,Karachi,Completed,30884.05,0
OB000696,2/13/2025,C00301,Savings,Withdrawal,1722.45,USD,Web,Android,Peshawar,Completed,5069.5,0
OB000697,8/14/2025,C00269,Savings,Bill Payment,831.21,USD,Mobile App,Android,Islamabad,Failed,25277.92,0
OB000698,11/19/2025,C00133,Current,Withdrawal,4888.98,USD,Web,Desktop,Islamabad,Failed,5638.24,1
OB000699,3/17/2025,C00296,Savings,Bill Payment,3778.15,USD,Web,iOS,Lahore,Completed,3597.68,0
OB000700,9/12/2025,C00227,Savings,Bill Payment,1138.53,USD,Web,iOS,Peshawar,Completed,40279.98,0
OB000701,12/25/2025,C00276,Current,Withdrawal,2537.9,USD,Web,Desktop,Islamabad,Failed,31064.96,0
OB000702,10/17/2025,C00085,Current,Transfer,1256.27,USD,Mobile App,iOS,Lahore,Pending,46288.27,0
OB000703,1/25/2025,C00339,Current,Transfer,2083.89,USD,Mobile App,Android,Peshawar,Completed,5901.98,0
OB000704,8/11/2025,C00126,Current,Deposit,1394.55,USD,Mobile App,Android,Peshawar,Completed,26127.91,1
OB000705,6/19/2025,C00253,Current,Bill Payment,3606.39,USD,Mobile App,iOS,Lahore,Completed,1800.34,0
OB000706,10/28/2025,C00126,Savings,Transfer,2426.49,USD,Web,iOS,Islamabad,Pending,32231.94,0
OB000707,8/2/2025,C00232,Savings,Bill Payment,4712.32,USD,Mobile App,Android,Lahore,Completed,33897,0
OB000708,4/9/2025,C00258,Savings,Bill Payment,3357.93,USD,Mobile App,Desktop,Islamabad,Completed,20328.19,1
OB000709,10/24/2025,C00357,Savings,Transfer,2826.45,USD,Mobile App,iOS,Peshawar,Pending,3713.25,1
OB000710,7/13/2025,C00054,Savings,Withdrawal,36.4,USD,Mobile App,iOS,Lahore,Failed,47808.44,0
OB000711,7/8/2025,C00003,Current,Deposit,4074.39,USD,Mobile App,Android,Islamabad,Completed,32683.3,0
OB000712,11/25/2025,C00001,Savings,Transfer,362.11,USD,Web,iOS,Peshawar,Pending,15527.38,1
OB000713,7/28/2025,C00140,Current,Deposit,4350.16,USD,Web,Android,Islamabad,Failed,6999.92,0
OB000714,9/11/2025,C00399,Current,Deposit,458.5,USD,Web,iOS,Islamabad,Pending,33027.2,0
OB000715,10/1/2025,C00060,Current,Deposit,4511.6,USD,Web,Desktop,Peshawar,Completed,29476.11,0
OB000716,1/12/2025,C00371,Savings,Transfer,3530.63,USD,Web,iOS,Lahore,Failed,9975.55,0
OB000717,7/1/2025,C00049,Current,Withdrawal,955.52,USD,Web,iOS,Peshawar,Pending,19919.52,0
OB000718,9/3/2025,C00244,Current,Transfer,2420.15,USD,Web,Desktop,Islamabad,Completed,4744.11,0
OB000719,4/6/2025,C00292,Savings,Bill Payment,4172.74,USD,Web,Android,Islamabad,Pending,147.06,0
OB000720,10/24/2025,C00243,Savings,Deposit,4016.36,USD,Web,iOS,Karachi,Pending,41721.02,1
OB000721,2/20/2025,C00148,Savings,Deposit,3831.73,USD,Mobile App,Android,Islamabad,Pending,34504.87,0
OB000722,6/23/2025,C00368,Current,Deposit,3015.59,USD,Web,Desktop,Peshawar,Pending,4612.38,1
OB000723,6/22/2025,C00189,Savings,Bill Payment,1102.76,USD,Mobile App,Desktop,Lahore,Failed,28350.38,0
OB000724,12/6/2025,C00330,Savings,Bill Payment,4808.23,USD,Web,Desktop,Lahore,Failed,38561.15,0
OB000725,4/12/2025,C00004,Savings,Bill Payment,666.05,USD,Mobile App,iOS,Karachi,Failed,7070.16,0
OB000726,3/23/2025,C00093,Current,Bill Payment,473.16,USD,Web,iOS,Karachi,Completed,48466.5,0
OB000727,10/12/2025,C00089,Current,Transfer,2342.41,USD,Web,Desktop,Islamabad,Failed,25689.06,1
OB000728,3/14/2025,C00162,Savings,Deposit,4507.27,USD,Web,Android,Islamabad,Failed,24302.68,0
OB000729,10/22/2025,C00265,Current,Bill Payment,1384.14,USD,Mobile App,iOS,Peshawar,Pending,48127,0
OB000730,4/11/2025,C00014,Current,Transfer,4605.85,USD,Web,iOS,Karachi,Failed,45503.41,0
OB000731,11/14/2025,C00308,Current,Bill Payment,4561.79,USD,Mobile App,iOS,Lahore,Completed,1616.5,0
OB000732,11/8/2025,C00002,Current,Deposit,3558.07,USD,Mobile App,Android,Karachi,Pending,3184.98,0
OB000733,3/11/2025,C00317,Current,Deposit,56.15,USD,Web,iOS,Peshawar,Failed,18398.55,0
OB000734,4/28/2025,C00044,Current,Transfer,3044.75,USD,Mobile App,Android,Peshawar,Failed,49547.11,0
OB000735,10/26/2025,C00240,Current,Deposit,1046.58,USD,Web,Desktop,Islamabad,Pending,2195.68,0
OB000736,10/1/2025,C00058,Current,Transfer,1802.42,USD,Mobile App,iOS,Lahore,Failed,27345.32,0
OB000737,1/21/2025,C00228,Savings,Deposit,2260.59,USD,Web,Desktop,Lahore,Completed,40333.34,0
OB000738,6/6/2025,C00143,Savings,Transfer,3371.48,USD,Web,Android,Peshawar,Failed,39505.62,0
OB000739,12/9/2025,C00316,Savings,Bill Payment,3905.19,USD,Web,Android,Peshawar,Completed,21691.7,1
OB000740,1/19/2025,C00025,Savings,Deposit,1800,USD,Mobile App,iOS,Islamabad,Completed,14493.72,0
OB000741,6/24/2025,C00072,Savings,Deposit,4681.21,USD,Mobile App,iOS,Islamabad,Completed,17549.51,0
OB000742,12/6/2025,C00287,Savings,Transfer,3579.49,USD,Web,iOS,Karachi,Failed,43770.81,0
OB000743,4/12/2025,C00014,Current,Deposit,2405.9,USD,Mobile App,Desktop,Lahore,Completed,30887.89,1
OB000744,2/25/2025,C00169,Current,Deposit,3357.1,USD,Mobile App,Android,Karachi,Completed,12483.88,0
OB000745,12/15/2025,C00031,Current,Bill Payment,1994.1,USD,Web,Android,Islamabad,Pending,2097.16,0
OB000746,4/27/2025,C00236,Savings,Transfer,799.55,USD,Mobile App,Android,Lahore,Pending,27986.84,0
OB000747,3/19/2025,C00281,Savings,Bill Payment,494.48,USD,Web,Android,Karachi,Completed,49302.71,1
OB000748,12/26/2025,C00304,Current,Bill Payment,4375.68,USD,Web,Android,Islamabad,Failed,17501.85,0
OB000749,1/27/2025,C00136,Savings,Deposit,651.28,USD,Mobile App,Android,Peshawar,Completed,15719.53,0
OB000750,4/19/2025,C00083,Current,Transfer,2410.86,USD,Web,Desktop,Karachi,Completed,43194.73,0
OB000751,4/13/2025,C00024,Current,Deposit,828.05,USD,Mobile App,Android,Lahore,Completed,10317.89,1
OB000752,7/6/2025,C00187,Current,Transfer,546.02,USD,Web,iOS,Peshawar,Pending,17547.03,0
OB000753,8/12/2025,C00385,Current,Deposit,4960.21,USD,Web,iOS,Karachi,Failed,48700.11,0
OB000754,10/4/2025,C00110,Savings,Deposit,3455.62,USD,Mobile App,Desktop,Islamabad,Completed,35548.98,1
OB000755,5/2/2025,C00364,Current,Bill Payment,1279.06,USD,Web,iOS,Lahore,Failed,28149.24,0
OB000756,12/26/2025,C00287,Savings,Deposit,2779.84,USD,Web,Desktop,Peshawar,Completed,29240.56,0
OB000757,10/5/2025,C00351,Savings,Transfer,780.27,USD,Mobile App,iOS,Lahore,Failed,24954.29,0
OB000758,10/10/2025,C00202,Current,Transfer,3296.47,USD,Web,Android,Peshawar,Pending,8004.9,0
OB000759,12/6/2025,C00361,Savings,Bill Payment,1831.75,USD,Web,Android,Karachi,Completed,15072.64,0
OB000760,2/26/2025,C00048,Current,Withdrawal,1905.47,USD,Mobile App,Android,Lahore,Completed,25990.79,0
OB000761,12/26/2025,C00379,Savings,Bill Payment,4705.97,USD,Mobile App,Android,Karachi,Pending,23345.58,0
OB000762,12/4/2025,C00255,Current,Transfer,3572.97,USD,Web,iOS,Islamabad,Pending,41920.16,0
OB000763,4/4/2025,C00041,Savings,Bill Payment,846.55,USD,Mobile App,Android,Peshawar,Failed,44338.08,0
OB000764,7/19/2025,C00350,Savings,Transfer,1678.13,USD,Web,Desktop,Lahore,Failed,5746.97,0
OB000765,1/23/2025,C00362,Savings,Transfer,3517.66,USD,Mobile App,iOS,Islamabad,Pending,33171.56,1
OB000766,7/19/2025,C00022,Savings,Bill Payment,4617.38,USD,Web,iOS,Peshawar,Completed,35278.57,0
OB000767,11/13/2025,C00147,Current,Deposit,1370.7,USD,Mobile App,iOS,Islamabad,Pending,38730.77,1
OB000768,8/2/2025,C00161,Savings,Deposit,1368.75,USD,Mobile App,Desktop,Islamabad,Pending,8558.54,0
OB000769,10/5/2025,C00155,Current,Transfer,1931.44,USD,Mobile App,Android,Peshawar,Failed,19490.93,0
OB000770,4/22/2025,C00226,Current,Withdrawal,3518,USD,Web,Android,Karachi,Completed,19079.42,0
OB000771,11/21/2025,C00304,Savings,Bill Payment,507.39,USD,Mobile App,Android,Islamabad,Completed,5325.62,1
OB000772,1/28/2025,C00347,Savings,Withdrawal,2389.69,USD,Web,iOS,Islamabad,Pending,12547.41,0
OB000773,6/8/2025,C00211,Current,Withdrawal,77.88,USD,Mobile App,iOS,Lahore,Completed,42076.98,0
OB000774,9/27/2025,C00103,Savings,Deposit,384.24,USD,Mobile App,Android,Peshawar,Pending,13712.53,1
OB000775,4/18/2025,C00325,Current,Transfer,488.6,USD,Mobile App,iOS,Peshawar,Completed,18566.72,0
OB000776,6/20/2025,C00191,Savings,Deposit,2585.99,USD,Mobile App,iOS,Lahore,Failed,31180.73,1
OB000777,8/22/2025,C00212,Current,Deposit,2870.25,USD,Mobile App,Android,Islamabad,Failed,31215.08,0
OB000778,10/21/2025,C00077,Savings,Deposit,4578.5,USD,Web,iOS,Peshawar,Failed,15067.51,0
OB000779,9/23/2025,C00267,Savings,Withdrawal,972.73,USD,Web,Android,Peshawar,Completed,28772.64,0
OB000780,5/2/2025,C00352,Current,Transfer,2497.7,USD,Mobile App,Android,Islamabad,Pending,15448.02,0
OB000781,11/14/2025,C00301,Savings,Withdrawal,1321.23,USD,Web,Desktop,Peshawar,Completed,31330.55,0
OB000782,5/20/2025,C00172,Savings,Deposit,3396.31,USD,Mobile App,iOS,Peshawar,Pending,1525.98,0
OB000783,7/6/2025,C00179,Current,Bill Payment,606.46,USD,Web,Desktop,Lahore,Failed,46199.72,0
OB000784,8/27/2025,C00117,Savings,Deposit,2059.41,USD,Mobile App,iOS,Karachi,Pending,9469.74,0
OB000785,2/8/2025,C00230,Savings,Deposit,42.51,USD,Web,Android,Islamabad,Failed,39464.2,0
OB000786,4/11/2025,C00038,Current,Withdrawal,3082.28,USD,Mobile App,Desktop,Lahore,Pending,49456.18,0
OB000787,4/11/2025,C00071,Current,Deposit,2887.51,USD,Mobile App,iOS,Islamabad,Failed,17517.1,1
OB000788,9/26/2025,C00287,Savings,Bill Payment,3493.46,USD,Web,iOS,Lahore,Pending,6908.38,0
OB000789,11/15/2025,C00180,Current,Bill Payment,4750.27,USD,Mobile App,Desktop,Islamabad,Completed,15364.5,0
OB000790,1/13/2025,C00242,Savings,Bill Payment,2269.89,USD,Web,iOS,Karachi,Pending,20581.26,0
OB000791,7/14/2025,C00092,Current,Withdrawal,116.31,USD,Mobile App,iOS,Islamabad,Completed,33521.68,0
OB000792,2/2/2025,C00327,Current,Bill Payment,362.1,USD,Web,iOS,Peshawar,Pending,7755.76,0
OB000793,5/15/2025,C00205,Current,Bill Payment,2520.02,USD,Web,Android,Karachi,Completed,21695.06,0
OB000794,10/8/2025,C00248,Savings,Deposit,2878.65,USD,Mobile App,iOS,Peshawar,Completed,10289.99,0
OB000795,8/9/2025,C00248,Savings,Deposit,3679.36,USD,Mobile App,iOS,Islamabad,Completed,46106.17,0
OB000796,11/14/2025,C00120,Savings,Deposit,3424.16,USD,Mobile App,Android,Peshawar,Completed,28839.41,0
OB000797,8/16/2025,C00302,Savings,Transfer,4457.16,USD,Mobile App,Android,Peshawar,Completed,5169.92,0
OB000798,4/4/2025,C00099,Savings,Bill Payment,1303.93,USD,Mobile App,Android,Peshawar,Failed,24001.99,0
OB000799,9/24/2025,C00291,Savings,Transfer,4715.04,USD,Web,Desktop,Lahore,Completed,23595.59,0
OB000800,8/28/2025,C00267,Current,Bill Payment,1243.63,USD,Mobile App,Android,Islamabad,Completed,38698.3,0
OB000801,7/26/2025,C00298,Current,Bill Payment,4418.06,USD,Web,Desktop,Karachi,Failed,949.76,0
OB000802,8/1/2025,C00247,Current,Transfer,288.7,USD,Web,Android,Lahore,Failed,46826.82,1
OB000803,6/8/2025,C00020,Savings,Withdrawal,214.17,USD,Mobile App,Android,Islamabad,Pending,12842.42,0
OB000804,1/6/2025,C00065,Savings,Transfer,3403.52,USD,Mobile App,Desktop,Islamabad,Pending,41487.26,1
OB000805,9/17/2025,C00207,Savings,Transfer,1905.23,USD,Web,Desktop,Islamabad,Failed,48134.43,0
OB000806,9/6/2025,C00107,Savings,Bill Payment,2957.76,USD,Mobile App,Desktop,Peshawar,Completed,23460.93,1
OB000807,5/9/2025,C00318,Current,Bill Payment,701.56,USD,Mobile App,Desktop,Karachi,Pending,37943.88,1
OB000808,6/8/2025,C00118,Current,Bill Payment,958.36,USD,Web,iOS,Karachi,Pending,48625.41,0
OB000809,9/15/2025,C00001,Savings,Deposit,1985.67,USD,Web,Desktop,Karachi,Failed,15531.29,0
OB000810,8/23/2025,C00273,Current,Withdrawal,1518.84,USD,Mobile App,iOS,Lahore,Pending,26265.33,1
OB000811,5/19/2025,C00390,Savings,Deposit,1231.86,USD,Web,Desktop,Peshawar,Completed,23546.91,0
OB000812,8/4/2025,C00061,Savings,Transfer,388.81,USD,Mobile App,iOS,Karachi,Completed,7896.11,1
OB000813,10/26/2025,C00096,Savings,Deposit,4478.25,USD,Mobile App,iOS,Islamabad,Failed,42999.64,0
OB000814,11/20/2025,C00241,Current,Deposit,1890.78,USD,Web,Desktop,Lahore,Pending,20106.29,0
OB000815,9/8/2025,C00063,Savings,Deposit,853.25,USD,Web,Desktop,Lahore,Failed,8103.59,1
OB000816,2/21/2025,C00005,Savings,Transfer,1783.45,USD,Web,iOS,Peshawar,Failed,37124.61,0
OB000817,11/14/2025,C00213,Current,Withdrawal,638,USD,Mobile App,Desktop,Islamabad,Completed,38987.13,0
OB000818,2/21/2025,C00164,Current,Bill Payment,412.15,USD,Web,Desktop,Karachi,Failed,21657.22,1
OB000819,2/26/2025,C00306,Savings,Transfer,4893.36,USD,Mobile App,Desktop,Islamabad,Completed,32175.38,1
OB000820,3/20/2025,C00078,Current,Deposit,3746.05,USD,Web,iOS,Peshawar,Completed,33863.95,0
OB000821,3/24/2025,C00033,Current,Transfer,3995.27,USD,Web,Android,Lahore,Completed,23753.94,0
OB000822,5/9/2025,C00324,Savings,Withdrawal,3349.05,USD,Web,Android,Peshawar,Pending,26413.8,1
OB000823,11/8/2025,C00014,Current,Bill Payment,4545.42,USD,Mobile App,Desktop,Islamabad,Completed,27223.7,1
OB000824,10/13/2025,C00262,Current,Withdrawal,1577.45,USD,Mobile App,iOS,Peshawar,Pending,31441.82,1
OB000825,5/18/2025,C00090,Current,Transfer,3340.82,USD,Web,Desktop,Lahore,Completed,46255.62,0
OB000826,3/10/2025,C00390,Savings,Transfer,1818.86,USD,Mobile App,iOS,Peshawar,Pending,22503.78,0
OB000827,2/27/2025,C00397,Savings,Deposit,1927.76,USD,Web,iOS,Lahore,Failed,6330.34,0
OB000828,10/19/2025,C00319,Savings,Deposit,3262.36,USD,Mobile App,Desktop,Karachi,Pending,22961.71,0
OB000829,11/24/2025,C00015,Savings,Transfer,4864.52,USD,Web,iOS,Peshawar,Failed,24055.62,0
OB000830,2/13/2025,C00299,Savings,Transfer,3022.61,USD,Web,iOS,Islamabad,Pending,45687.4,0
OB000831,1/27/2025,C00192,Savings,Withdrawal,1228.43,USD,Mobile App,Desktop,Karachi,Pending,11545.67,0
OB000832,2/16/2025,C00192,Current,Withdrawal,3833.3,USD,Web,iOS,Lahore,Failed,11238.26,0
OB000833,7/19/2025,C00303,Current,Transfer,460.47,USD,Web,Android,Islamabad,Completed,11384.93,0
OB000834,5/9/2025,C00381,Current,Transfer,1675.81,USD,Web,Desktop,Lahore,Pending,7664.99,0
OB000835,7/2/2025,C00168,Current,Withdrawal,4963.55,USD,Web,Desktop,Islamabad,Pending,12056.12,1
OB000836,12/25/2025,C00020,Current,Withdrawal,3618.79,USD,Web,iOS,Lahore,Completed,45391.97,0
OB000837,2/24/2025,C00172,Savings,Bill Payment,393.79,USD,Web,iOS,Islamabad,Pending,34114.87,0
OB000838,2/21/2025,C00389,Savings,Withdrawal,4738.73,USD,Web,Android,Karachi,Pending,4147.46,0
OB000839,12/2/2025,C00313,Current,Deposit,3411.57,USD,Web,iOS,Islamabad,Completed,17183.43,1
OB000840,10/21/2025,C00056,Current,Deposit,3923.97,USD,Web,Desktop,Karachi,Completed,32131.07,1
OB000841,6/23/2025,C00243,Current,Withdrawal,1026.84,USD,Mobile App,Android,Lahore,Completed,21624.9,0
OB000842,12/10/2025,C00164,Current,Deposit,1352.77,USD,Web,Android,Lahore,Failed,31863.92,0
OB000843,12/3/2025,C00192,Current,Bill Payment,670.74,USD,Web,iOS,Peshawar,Completed,8782.96,0
OB000844,12/5/2025,C00002,Savings,Deposit,1770.8,USD,Mobile App,Android,Karachi,Failed,31757.36,0
OB000845,4/23/2025,C00343,Current,Deposit,2007.35,USD,Mobile App,Desktop,Peshawar,Completed,22991.33,0
OB000846,9/8/2025,C00136,Current,Bill Payment,3020.66,USD,Mobile App,iOS,Karachi,Pending,17175.37,1
OB000847,12/7/2025,C00070,Current,Bill Payment,3648.81,USD,Mobile App,Desktop,Islamabad,Failed,17608.62,0
OB000848,11/26/2025,C00185,Current,Withdrawal,529.33,USD,Mobile App,iOS,Karachi,Pending,31726.65,1
OB000849,5/9/2025,C00383,Savings,Withdrawal,3839.17,USD,Web,Desktop,Peshawar,Completed,34480.86,0
OB000850,9/3/2025,C00278,Current,Deposit,3252.14,USD,Web,iOS,Peshawar,Completed,40253.23,0
OB000851,12/7/2025,C00108,Savings,Deposit,4304.09,USD,Web,Desktop,Islamabad,Pending,17806.91,0
OB000852,4/17/2025,C00348,Savings,Deposit,4527.45,USD,Mobile App,Desktop,Lahore,Completed,48210.02,0
OB000853,8/26/2025,C00082,Savings,Deposit,601.87,USD,Web,Android,Karachi,Completed,25614.08,0
OB000854,8/13/2025,C00206,Savings,Deposit,3116.66,USD,Web,iOS,Karachi,Pending,6665.07,0
OB000855,10/1/2025,C00237,Savings,Transfer,3600.78,USD,Web,iOS,Karachi,Completed,11204.22,0
OB000856,5/11/2025,C00270,Savings,Transfer,1795.74,USD,Mobile App,iOS,Islamabad,Failed,32401.54,0
OB000857,12/8/2025,C00132,Current,Deposit,1934.81,USD,Mobile App,Android,Karachi,Completed,41879.3,0
OB000858,4/6/2025,C00303,Savings,Withdrawal,1389.2,USD,Web,iOS,Islamabad,Completed,28095.3,0
OB000859,5/21/2025,C00261,Savings,Deposit,391.41,USD,Web,Android,Karachi,Completed,19679.06,0
OB000860,10/20/2025,C00055,Current,Withdrawal,2565.34,USD,Web,Android,Islamabad,Completed,3439.94,0
OB000861,10/7/2025,C00098,Savings,Bill Payment,3465.33,USD,Mobile App,Android,Lahore,Pending,40456.53,0
OB000862,3/3/2025,C00049,Savings,Withdrawal,3677.3,USD,Web,Desktop,Islamabad,Completed,28399.29,0
OB000863,5/12/2025,C00359,Savings,Deposit,1144.18,USD,Mobile App,Desktop,Islamabad,Failed,4167.88,0
OB000864,3/7/2025,C00217,Savings,Transfer,82.18,USD,Web,Desktop,Lahore,Failed,14275.97,0
OB000865,7/10/2025,C00321,Current,Transfer,3811.55,USD,Web,iOS,Peshawar,Pending,8299.26,0
OB000866,1/21/2025,C00304,Savings,Withdrawal,2642.95,USD,Mobile App,Desktop,Islamabad,Failed,2425.57,1
OB000867,10/6/2025,C00186,Current,Bill Payment,181.98,USD,Mobile App,Android,Islamabad,Completed,23427.99,0
OB000868,7/6/2025,C00113,Current,Deposit,3582.25,USD,Mobile App,Desktop,Karachi,Completed,23547.07,1
OB000869,8/13/2025,C00007,Current,Bill Payment,3517.82,USD,Web,Desktop,Lahore,Pending,17751.81,0
OB000870,11/13/2025,C00271,Current,Transfer,39.63,USD,Mobile App,iOS,Karachi,Failed,21971.09,0
OB000871,5/23/2025,C00221,Savings,Deposit,3594.35,USD,Web,Desktop,Karachi,Pending,42773.87,0
OB000872,11/22/2025,C00042,Savings,Deposit,3268.16,USD,Web,iOS,Karachi,Failed,16935.07,0
OB000873,12/21/2025,C00376,Savings,Withdrawal,2152.4,USD,Web,Desktop,Peshawar,Pending,30586.56,0
OB000874,12/27/2025,C00055,Current,Bill Payment,3459.26,USD,Web,Android,Karachi,Pending,23438.52,1
OB000875,12/11/2025,C00016,Current,Deposit,4325.93,USD,Mobile App,Android,Karachi,Failed,43505.29,0
OB000876,12/20/2025,C00247,Savings,Withdrawal,4162.36,USD,Web,Android,Karachi,Completed,18822.84,0
OB000877,3/16/2025,C00210,Savings,Withdrawal,3173.03,USD,Mobile App,Desktop,Islamabad,Completed,37231.38,0
OB000878,9/11/2025,C00066,Current,Withdrawal,1268.86,USD,Mobile App,Android,Peshawar,Completed,37075.97,0
OB000879,4/20/2025,C00396,Savings,Transfer,2665.26,USD,Mobile App,iOS,Karachi,Completed,3815.88,0
OB000880,3/7/2025,C00281,Savings,Transfer,2466.01,USD,Web,Android,Lahore,Pending,30180.34,0
OB000881,1/23/2025,C00099,Current,Deposit,2834.11,USD,Mobile App,Desktop,Lahore,Completed,11035.7,0
OB000882,6/11/2025,C00392,Savings,Withdrawal,2524.1,USD,Mobile App,iOS,Islamabad,Pending,26505.86,0
OB000883,3/10/2025,C00157,Current,Bill Payment,1775.4,USD,Mobile App,Desktop,Peshawar,Pending,17756.78,0
OB000884,1/19/2025,C00187,Current,Withdrawal,2926.09,USD,Web,iOS,Lahore,Failed,36079.58,0
OB000885,3/11/2025,C00123,Savings,Withdrawal,2552.93,USD,Mobile App,Android,Islamabad,Failed,13538.48,0
OB000886,2/14/2025,C00126,Current,Deposit,2456.59,USD,Mobile App,iOS,Lahore,Failed,10368.52,0
OB000887,6/14/2025,C00161,Current,Bill Payment,1505.38,USD,Web,iOS,Islamabad,Failed,46417.94,0
OB000888,11/9/2025,C00363,Current,Transfer,1400.25,USD,Mobile App,Android,Karachi,Failed,39359.53,1
OB000889,9/22/2025,C00089,Current,Deposit,4222.85,USD,Web,Android,Lahore,Completed,19937.65,1
OB000890,4/5/2025,C00144,Current,Transfer,579.06,USD,Mobile App,iOS,Islamabad,Failed,36900.4,0
OB000891,10/8/2025,C00043,Current,Bill Payment,2215.67,USD,Mobile App,iOS,Peshawar,Pending,10384.8,0
OB000892,11/13/2025,C00106,Current,Transfer,3443.93,USD,Web,iOS,Peshawar,Failed,1028.64,0
OB000893,3/5/2025,C00298,Savings,Deposit,3260.74,USD,Web,iOS,Peshawar,Pending,282.32,0
OB000894,9/9/2025,C00037,Current,Withdrawal,694.31,USD,Mobile App,Desktop,Lahore,Pending,11767.09,0
OB000895,10/9/2025,C00160,Savings,Deposit,2587.53,USD,Web,Desktop,Lahore,Pending,35567.3,0
OB000896,9/26/2025,C00282,Current,Bill Payment,407.04,USD,Mobile App,Desktop,Lahore,Completed,6596.04,1
OB000897,11/14/2025,C00304,Current,Transfer,1582.2,USD,Mobile App,Android,Lahore,Pending,42050.88,0
OB000898,12/19/2025,C00312,Current,Deposit,4874.81,USD,Mobile App,iOS,Karachi,Completed,31229.54,0
OB000899,2/4/2025,C00166,Current,Withdrawal,3497.17,USD,Mobile App,Android,Peshawar,Pending,39331.5,0
OB000900,12/15/2025,C00084,Current,Bill Payment,4537.58,USD,Mobile App,iOS,Karachi,Failed,46582.2,1
OB000901,8/19/2025,C00016,Current,Withdrawal,2482.73,USD,Mobile App,iOS,Lahore,Pending,40149.39,0
OB000902,5/24/2025,C00075,Current,Bill Payment,4811.24,USD,Web,Android,Lahore,Failed,23517.34,0
OB000903,11/6/2025,C00286,Current,Withdrawal,1810.38,USD,Web,Android,Peshawar,Failed,30774.53,0
OB000904,12/15/2025,C00369,Current,Deposit,3052.52,USD,Mobile App,Desktop,Karachi,Pending,11568.58,0
OB000905,2/23/2025,C00341,Savings,Deposit,4737.51,USD,Mobile App,Android,Karachi,Failed,36577.14,0
OB000906,3/11/2025,C00114,Current,Transfer,4272.26,USD,Mobile App,Android,Lahore,Pending,49392.25,0
OB000907,5/14/2025,C00012,Current,Deposit,4777.11,USD,Mobile App,Android,Peshawar,Completed,44777.57,0
OB000908,2/19/2025,C00229,Savings,Deposit,4190.3,USD,Mobile App,Desktop,Islamabad,Completed,27104.09,0
OB000909,6/27/2025,C00365,Savings,Bill Payment,91.92,USD,Web,Desktop,Karachi,Completed,46233.98,0
OB000910,5/22/2025,C00363,Current,Withdrawal,2150.04,USD,Mobile App,Desktop,Peshawar,Failed,20402.2,0
OB000911,6/11/2025,C00133,Savings,Withdrawal,551.08,USD,Web,Desktop,Peshawar,Completed,14812.27,0
OB000912,9/15/2025,C00105,Current,Withdrawal,361.72,USD,Web,iOS,Islamabad,Pending,5080.14,0
OB000913,3/3/2025,C00365,Savings,Transfer,4549.38,USD,Web,iOS,Islamabad,Completed,23544.43,0
OB000914,7/21/2025,C00296,Savings,Transfer,2791.47,USD,Mobile App,Android,Karachi,Failed,47603.38,1
OB000915,3/7/2025,C00312,Current,Bill Payment,1589.42,USD,Mobile App,Android,Karachi,Completed,31027.17,0
OB000916,9/14/2025,C00299,Savings,Bill Payment,4711.23,USD,Web,Android,Islamabad,Pending,30064.3,0
OB000917,8/23/2025,C00307,Current,Transfer,1604.51,USD,Mobile App,iOS,Peshawar,Failed,1100.02,1
OB000918,3/13/2025,C00070,Current,Withdrawal,4743.08,USD,Mobile App,Android,Karachi,Pending,4717.27,0
OB000919,10/5/2025,C00145,Current,Bill Payment,3200.32,USD,Mobile App,Android,Islamabad,Completed,4588.73,0
OB000920,9/10/2025,C00080,Current,Deposit,3394.59,USD,Web,Desktop,Islamabad,Failed,12486.23,0
OB000921,8/28/2025,C00173,Savings,Transfer,1699.95,USD,Mobile App,iOS,Lahore,Completed,14678.93,0
OB000922,6/19/2025,C00144,Current,Deposit,4922.99,USD,Mobile App,iOS,Peshawar,Pending,8261.82,0
OB000923,3/22/2025,C00083,Current,Bill Payment,4736.39,USD,Mobile App,iOS,Lahore,Pending,32781.79,1
OB000924,8/26/2025,C00301,Savings,Bill Payment,1642.6,USD,Web,Android,Karachi,Pending,10339.98,0
OB000925,11/10/2025,C00063,Current,Withdrawal,3464.45,USD,Mobile App,iOS,Karachi,Completed,7191.08,1
OB000926,11/8/2025,C00133,Current,Withdrawal,4353.49,USD,Mobile App,iOS,Lahore,Pending,22660.52,0
OB000927,3/1/2025,C00176,Current,Withdrawal,3937.98,USD,Mobile App,Desktop,Peshawar,Pending,42974.15,1
OB000928,4/1/2025,C00305,Savings,Transfer,893.88,USD,Mobile App,Android,Karachi,Completed,19936.38,0
OB000929,9/6/2025,C00093,Current,Bill Payment,992.35,USD,Web,Desktop,Peshawar,Failed,7646.75,0
OB000930,8/8/2025,C00016,Current,Bill Payment,3868.76,USD,Mobile App,Desktop,Karachi,Failed,10876.77,0
OB000931,5/10/2025,C00013,Savings,Deposit,3535.08,USD,Mobile App,Android,Karachi,Pending,46973.37,0
OB000932,9/14/2025,C00167,Current,Withdrawal,3346.57,USD,Web,Desktop,Lahore,Pending,45609.34,0
OB000933,12/27/2025,C00026,Savings,Transfer,3251.08,USD,Web,iOS,Lahore,Pending,21174.06,1
OB000934,9/18/2025,C00346,Current,Deposit,2651.42,USD,Web,Android,Lahore,Completed,12292.42,0
OB000935,8/25/2025,C00094,Current,Withdrawal,1228.9,USD,Mobile App,Desktop,Islamabad,Pending,42280.95,0
OB000936,6/21/2025,C00075,Savings,Withdrawal,2159.14,USD,Web,Desktop,Islamabad,Failed,34567.02,0
OB000937,8/3/2025,C00375,Savings,Withdrawal,949.7,USD,Web,Android,Lahore,Pending,27239.51,0
OB000938,10/6/2025,C00321,Savings,Deposit,3358.29,USD,Web,iOS,Karachi,Failed,4932.09,0
OB000939,11/17/2025,C00154,Current,Bill Payment,4089.75,USD,Mobile App,Android,Lahore,Completed,410.36,0
OB000940,10/6/2025,C00050,Current,Bill Payment,4436.05,USD,Mobile App,Desktop,Karachi,Failed,37899.46,1
OB000941,3/21/2025,C00283,Current,Bill Payment,4086.25,USD,Mobile App,Desktop,Peshawar,Failed,4916.55,0
OB000942,4/7/2025,C00257,Savings,Deposit,554.42,USD,Web,Android,Karachi,Completed,36355.51,0
OB000943,1/13/2025,C00248,Savings,Bill Payment,280.73,USD,Web,Android,Karachi,Completed,15657.73,1
OB000944,11/5/2025,C00007,Savings,Bill Payment,3971.11,USD,Mobile App,iOS,Lahore,Pending,34917.06,0
OB000945,7/21/2025,C00149,Current,Deposit,3383.65,USD,Mobile App,Android,Peshawar,Failed,23919.03,0
OB000946,6/11/2025,C00003,Savings,Withdrawal,3560.82,USD,Web,Android,Islamabad,Completed,42842.33,0
OB000947,8/27/2025,C00024,Savings,Deposit,4673.04,USD,Web,Desktop,Peshawar,Failed,31517.83,0
OB000948,11/24/2025,C00013,Savings,Transfer,3079.42,USD,Mobile App,iOS,Karachi,Pending,8845.05,0
OB000949,3/2/2025,C00018,Savings,Withdrawal,2598.48,USD,Web,Android,Lahore,Failed,7666.97,0
OB000950,1/7/2025,C00018,Current,Bill Payment,455.27,USD,Mobile App,Android,Islamabad,Failed,32808.41,0
OB000951,5/20/2025,C00102,Current,Deposit,66.09,USD,Mobile App,iOS,Peshawar,Pending,19864.36,0
OB000952,10/11/2025,C00233,Current,Bill Payment,1031.75,USD,Mobile App,Android,Islamabad,Completed,6937.18,1
OB000953,1/11/2025,C00112,Savings,Bill Payment,2883.78,USD,Mobile App,Desktop,Karachi,Pending,12171.82,0
OB000954,4/18/2025,C00037,Savings,Withdrawal,4314.57,USD,Mobile App,iOS,Peshawar,Pending,39599.81,0
OB000955,7/1/2025,C00257,Savings,Transfer,3407.08,USD,Web,Desktop,Islamabad,Completed,3435.63,1
OB000956,7/4/2025,C00216,Current,Bill Payment,94.08,USD,Web,Desktop,Peshawar,Pending,27323.99,0
OB000957,2/2/2025,C00136,Savings,Deposit,3169.28,USD,Web,Android,Karachi,Completed,32566.33,0
OB000958,10/25/2025,C00154,Current,Deposit,2250.62,USD,Web,iOS,Karachi,Pending,19461.91,0
OB000959,7/24/2025,C00065,Savings,Bill Payment,2098.39,USD,Mobile App,Android,Peshawar,Failed,19879.95,1
OB000960,8/14/2025,C00029,Current,Transfer,70.01,USD,Web,Android,Islamabad,Completed,41493.71,1
OB000961,2/20/2025,C00056,Savings,Bill Payment,957.48,USD,Mobile App,Desktop,Islamabad,Pending,27198.71,0
OB000962,9/18/2025,C00132,Savings,Withdrawal,2454.58,USD,Mobile App,Desktop,Lahore,Pending,13327.44,1
OB000963,7/10/2025,C00100,Current,Withdrawal,4034.41,USD,Mobile App,Android,Lahore,Pending,37333.87,0
OB000964,11/9/2025,C00120,Current,Transfer,3433.5,USD,Web,Desktop,Peshawar,Completed,49835.81,1
OB000965,9/3/2025,C00380,Current,Bill Payment,2855.28,USD,Mobile App,Android,Lahore,Pending,38312.85,0
OB000966,1/24/2025,C00084,Current,Transfer,4804.45,USD,Mobile App,Desktop,Lahore,Failed,27837.32,0
OB000967,8/21/2025,C00365,Savings,Transfer,810.7,USD,Web,iOS,Lahore,Completed,29442.11,0
OB000968,10/9/2025,C00043,Current,Withdrawal,2101.82,USD,Mobile App,Android,Lahore,Pending,22553.16,0
OB000969,7/25/2025,C00018,Current,Bill Payment,3068.25,USD,Mobile App,Desktop,Peshawar,Completed,39727.96,1
OB000970,2/10/2025,C00064,Current,Transfer,2946.92,USD,Web,Desktop,Lahore,Failed,48096.62,1
OB000971,9/13/2025,C00179,Savings,Deposit,3960.91,USD,Web,iOS,Peshawar,Completed,29372.49,0
OB000972,8/8/2025,C00129,Savings,Transfer,2738.12,USD,Mobile App,Android,Peshawar,Completed,6035.88,1
OB000973,4/18/2025,C00217,Current,Transfer,4147.51,USD,Web,iOS,Islamabad,Failed,22170.57,0
OB000974,10/15/2025,C00040,Current,Bill Payment,3188.38,USD,Mobile App,Android,Karachi,Pending,18372.87,0
OB000975,6/7/2025,C00061,Current,Bill Payment,2092.1,USD,Web,iOS,Karachi,Completed,26206.48,0
OB000976,7/19/2025,C00080,Current,Deposit,4677.31,USD,Mobile App,Desktop,Peshawar,Pending,12306.64,0
OB000977,8/20/2025,C00189,Current,Withdrawal,174.51,USD,Mobile App,Android,Karachi,Pending,5591.88,0
OB000978,6/23/2025,C00067,Savings,Bill Payment,3234.01,USD,Web,iOS,Islamabad,Failed,34003.2,0
OB000979,8/4/2025,C00328,Savings,Transfer,3702.28,USD,Web,Android,Peshawar,Completed,40251.01,0
OB000980,2/6/2025,C00361,Current,Transfer,1958.97,USD,Web,Desktop,Lahore,Failed,4749.16,0
OB000981,11/3/2025,C00011,Current,Transfer,379.6,USD,Mobile App,iOS,Lahore,Pending,36727.55,0
OB000982,5/6/2025,C00252,Savings,Deposit,2400.68,USD,Web,iOS,Lahore,Completed,29387.71,0
OB000983,1/7/2025,C00198,Savings,Bill Payment,1787.05,USD,Mobile App,iOS,Islamabad,Completed,3713.11,0
OB000984,3/10/2025,C00119,Current,Transfer,4240.16,USD,Web,Android,Karachi,Completed,42475.11,0
OB000985,3/2/2025,C00380,Savings,Bill Payment,2565.62,USD,Web,Android,Lahore,Completed,37312.17,0
OB000986,8/27/2025,C00263,Savings,Deposit,3740.16,USD,Web,iOS,Karachi,Failed,40606.59,0
OB000987,1/4/2025,C00127,Savings,Withdrawal,3777.57,USD,Web,Desktop,Islamabad,Pending,5453.13,1
OB000988,1/2/2025,C00360,Savings,Transfer,474.88,USD,Web,iOS,Lahore,Pending,16621.92,0
OB000989,2/4/2025,C00249,Current,Transfer,1547.79,USD,Web,Desktop,Peshawar,Pending,29860.24,0
OB000990,10/16/2025,C00206,Current,Bill Payment,3313.72,USD,Web,Desktop,Lahore,Pending,32489.53,0
OB000991,5/14/2025,C00272,Savings,Transfer,2998.56,USD,Web,Android,Islamabad,Completed,27370.23,0
OB000992,6/19/2025,C00083,Current,Withdrawal,4243.73,USD,Web,Android,Islamabad,Failed,42355.71,0
OB000993,2/13/2025,C00305,Current,Withdrawal,635.67,USD,Mobile App,Android,Karachi,Completed,5502.16,1
OB000994,7/6/2025,C00248,Current,Bill Payment,2453.42,USD,Mobile App,iOS,Islamabad,Completed,37506.36,0
OB000995,2/19/2025,C00102,Savings,Transfer,3126.44,USD,Mobile App,Desktop,Lahore,Failed,45544.56,0
OB000996,4/27/2025,C00181,Current,Withdrawal,2768.11,USD,Mobile App,Desktop,Islamabad,Completed,49495.13,0
OB000997,1/1/2025,C00158,Savings,Bill Payment,4322.76,USD,Web,Desktop,Lahore,Completed,43486.01,1
OB000998,5/15/2025,C00154,Savings,Withdrawal,1057.21,USD,Web,Desktop,Lahore,Completed,39418.2,0
OB000999,8/26/2025,C00002,Savings,Bill Payment,3456.55,USD,Web,Android,Lahore,Failed,2732.44,0
OB001000,5/6/2025,C00329,Savings,Deposit,257.18,USD,Mobile App,iOS,Lahore,Completed,49180.04,0
